Lemma,Pos,Points
di,prep,A1
"il, lo, la",det,A1
e,conj,A1
in,prep,A1
a,prep,A1
per,prep,A1
essere,v,A1
"un, uno, una",det,A1
non,adv,A1
con,prep,A1
si,pron,A1
da,prep,A1
più,adv,A1
potere,v,A1
anche,adv,A1
questo,adj,A1
fare,v,A1
ma,conj,A1
o,conj,A1
avere,v,A1
suo,adj,A1
tutto,adj,A1
dovere,v,A1
se,conj,A1
anno,n,A1
altro,adj,A1
su,prep,A1
tra,prep,A1
dire,v,A1
primo,adj,A1
stesso,adj,A1
solo,adv,A1
parte,n,A1
grande,adj,A1
nuovo,adj,A1
numero,n,A1
dare,v,A1
due,num,A1
perché,conj,A1
andare,v,A1
volere,v,A1
quello,adj,A1
quanto,pron,A1
articolo,n,A1
tempo,n,A1
così,adv,A1
ogni,adj,A1
sempre,adv,A1
lavoro,n,A1
loro,adj,A1
poi,adv,A1
mi,pron,A1
già,adv,A1
caso,n,A1
stare,v,A1
dopo,prep,A1
ancora,adv,A1
trovare,v,A1
giorno,n,A1
senza,prep,A1
quale,pron,A1
"alcun, alcuno",adj,A1
nostro,adj,A1
tale,adj,A1
volta,n,A1
sapere,v,A1
vedere,v,A1
modo,n,A1
molto,adv,A1
fine,n,A1
diverso,adj,A1
ultimo,adj,A1
proprio,n,A1
servizio,n,A1
legge,n,A1
chi,pron,A1
punto,n,A1
pubblico,adj,A1
stato,n,A1
quindi,adv,A1
italiano,adj,A1
mettere,v,A1
mio,adj,A1
tutto,pron,A1
persona,n,A1
vita,n,A1
secondo,prep,A1
Italia,np,A1
presente,adj,A1
quello,pron,A1
attività,n,A1
mondo,n,A1
oggi,adv,A1
prendere,v,A1
presentare,v,A1
tenere,v,A1
fino,prep,A1
altro,pron,A1
cosa,n,A1
senso,n,A1
invece,adv,A1
portare,v,A1
parlare,v,A1
io,pron,A1
nazionale,adj,A1
prima,adv,A1
pensare,v,A1
possibile,adj,A1
proprio,adv,A1
presidente,n,A1
problema,n,A1
se,pron,A1
chiedere,v,A1
mai,adv,A1
base,n,A1
ora,adv,A1
paese,n,A1
scrivere,v,A1
meno,adv,A1
mentre,conj,A1
rendere,v,A1
diritto,n,A1
sistema,n,A1
tre,num,A1
fatto,n,A1
relativo,adj,A1
momento,n,A1
corso,n,A1
ciò,pron,A1
infatti,adv,A1
però,adv,A1
ora,n,A1
trattare,v,A1
qualche,adj,A1
sembrare,v,A1
necessario,adj,A1
noi,pron,A1
venire,v,A1
gruppo,n,A1
termine,n,A1
qui,adv,A1
sociale,adj,A1
uomo,n,A1
progetto,n,A1
unico,adj,A1
ricerca,n,A1
secondo,adj,A1
generale,adj,A1
cercare,v,A1
molto,pron,A1
informazione,n,A1
fra,prep,A1
arrivare,v,A1
consiglio,n,A1
mese,n,A1
livello,n,A1
centro,n,A1
soprattutto,adv,A1
attraverso,prep,A1
importante,adj,A1
riguardare,v,A1
contro,prep,A1
ricordare,v,A1
considerare,v,A1
rapporto,n,A1
lasciare,v,A1
politico,adj,A1
storia,n,A1
piccolo,adj,A1
seguire,v,A1
svolgere,v,A1
sentire,v,A1
passare,v,A1
riuscire,v,A1
forma,n,A1
tanto,adv,A1
intervento,n,A1
inoltre,adv,A1
esempio,n,A1
verso,prep,A1
europeo,adj,A1
casa,n,A1
diventare,v,A1
atto,n,A1
governo,n,A1
loro,pron,A1
forse,adv,A1
presso,prep,A1
economico,adj,A1
studio,n,A1
parola,n,A1
quasi,adv,A1
condizione,n,A1
previsto,adj,A1
tipo,n,A1
Roma,np,A1
sotto,prep,A1
titolo,n,A1
oltre,adv,A1
me,pron,A1
situazione,n,A1
regione,n,A1
programma,n,A1
credere,v,A1
utilizzare,v,A1
piano,n,A1
bene,adv,A1
posto,n,A1
luogo,n,A1
disposizione,n,A1
conoscere,v,A1
almeno,adv,A1
via,n,A1
costituire,v,A1
lui,pron,A1
locale,adj,A1
scuola,n,A1
alto,adj,A1
particolare,n,A1
ritenere,v,A1
comune,adj,A1
realizzare,v,A1
leggere,v,A1
certo,adj,A1
settore,n,A1
gli,det,A1
periodo,n,A1
continuare,v,A1
vivere,v,A1
consentire,v,A1
circa,adv,A1
visto,n,A1
opera,n,A1
relazione,n,A1
nome,n,A1
forza,n,A1
allora,adv,A1
rappresentare,v,A1
porre,v,A1
possibilità,n,A1
risultato,n,A1
dato,n,A1
sviluppo,n,A1
chiamare,v,A1
grazie,int,A1
comma,n,A1
effetto,n,A1
poco,adv,A1
commissione,n,A1
materia,n,A1
creare,v,A1
tornare,v,A1
buono,adj,A1
definire,v,A1
valore,n,A1
area,n,A1
lungo,adj,A1
esistere,v,A1
riferimento,n,A1
pagina,n,A1
sede,n,A1
proporre,v,A1
usare,v,A1
capire,v,A1
interesse,n,A1
interno,n,A1
domanda,n,A1
campo,n,A1
po',pron,A1
azione,n,A1
ti,pron,A1
durante,prep,A1
società,n,A1
aprire,v,A1
restare,v,A1
realtà,n,A1
città,n,A1
intendere,v,A1
territorio,n,A1
regionale,adj,A1
proposta,n,A1
conto,n,A1
sia,conj,A1
fondo,n,A1
bello,adj,A1
norma,n,A1
grado,n,A1
nascere,v,A1
confronto,n,A1
internazionale,adj,A1
richiesta,n,A1
spesso,adv,A1
solo,adj,A1
meglio,adv,A1
permettere,v,A1
entrare,v,A1
funzione,n,A1
ambito,n,A1
forte,adj,A1
prevedere,v,A1
particolare,adj,A1
rispondere,v,A1
seguente,adj,A1
associazione,n,A1
rimanere,v,A1
ordine,n,A1
amministrazione,n,A1
successivo,adj,A1
decidere,v,A1
offrire,v,A1
ottenere,v,A1
mezzo,n,A1
partire,v,A1
formazione,n,A1
li,det,A1
iniziativa,n,A1
struttura,n,A1
ministro,n,A1
questione,n,A1
data,n,A1
esprimere,v,A1
richiedere,v,A1
fa,adv,A1
strumento,n,A1
oggetto,n,A1
umano,adj,A1
politica,n,A1
uso,n,A1
obiettivo,n,A1
no,adv,A1
comprendere,v,A1
tanto,pron,A1
aggiungere,v,A1
avvenire,v,A1
ufficio,n,A1
mano,n,A1
risultare,v,A1
risposta,n,A1
ruolo,n,A1
esperienza,n,A1
poco,adj,A1
scelta,n,A1
presenza,n,A1
strada,n,A1
le,det,A1
contenere,v,A1
via,adv,A1
controllo,n,A1
famiglia,n,A1
organizzazione,n,A1
tema,n,A1
fornire,v,A1
vista,n,A1
entro,prep,A1
prossimo,adj,A1
misura,n,A1
decreto,n,A1
tecnico,adj,A1
idea,n,A1
soggetto,n,A1
ragione,n,A1
qualità,n,A1
raggiungere,v,A1
fuori,adv,A1
processo,n,A1
inviare,v,A1
accordo,n,A1
iniziare,v,A1
precedente,adj,A1
sostenere,v,A1
superiore,adj,A1
troppo,adv,A1
inizio,n,A1
causa,n,A1
mercato,n,A1
effettuare,v,A1
fronte,n,A1
assumere,v,A1
specifico,adj,A1
donna,n,A1
aspetto,n,A1
rete,n,A1
dicembre,n,A1
riconoscere,v,A1
ente,n,A1
rispetto,n,A1
insieme,adv,A1
indicare,v,A1
testo,n,A1
luglio,n,A1
ormai,adv,A1
cittadino,n,A1
euro,n,A1
principale,adj,A1
tuo,pron,A1
giugno,n,A1
lavorare,v,A1
impresa,n,A1
gestione,n,A1
prodotto,n,A1
culturale,adj,A1
perdere,v,A1
marzo,n,A1
sito,n,A1
spiegare,v,A1
servire,v,A1
comunicazione,n,A1
seguito,n,A1
spazio,n,A1
libero,adj,A1
serie,n,A1
oltre,prep,A1
pieno,adj,A1
ambiente,n,A1
intero,adj,A1
cioè,adv,A1
cultura,n,A1
linea,n,A1
partecipare,v,A1
stabilire,v,A1
nulla,pron,A1
guardare,v,A1
sicurezza,n,A1
produrre,v,A1
cambiare,v,A1
scegliere,v,A1
occasione,n,A1
lettera,n,A1
civile,adj,A1
pubblicare,v,A1
attenzione,n,A1
migliore,adj,A1
motivo,n,A1
garantire,v,A1
comune,n,A1
questo,pron,A1
incontro,n,A1
cominciare,v,A1
posizione,n,A1
nonché,conj,A1
inserire,v,A1
terzo,adj,A1
elemento,n,A1
finire,v,A1
libro,n,A1
semplice,adj,A1
uscire,v,A1
modalità,n,A1
dedicare,v,A1
milione,n,A1
personale,adj,A1
settembre,n,A1
disporre,v,A1
istituto,n,A1
maggio,n,A1
ricevere,v,A1
Milano,np,A1
risorsa,n,A1
dunque,conj,A1
qualcosa,pron,A1
scorso,adj,A1
guerra,n,A1
bambino,n,A1
zona,n,A1
organizzare,v,A1
aprile,n,A1
documento,n,A1
nessuno,pron,A1
esame,n,A1
bastare,v,A1
gennaio,n,A1
bisogno,n,A1
privato,adj,A1
difficile,adj,A1
capo,n,A1
istituzione,n,A1
dimostrare,v,A1
cura,n,A1
nessun,adj,A1
natura,n,A1
noto,adj,A1
potere,n,A1
università,n,A1
Europa,np,A1
rischio,n,A1
limite,n,A1
qualsiasi,adj,A1
azienda,n,A1
dichiarare,v,A1
né,conj,A1
immagine,n,A1
acqua,n,A1
eventuale,adj,A1
autore,n,A1
subito,adv,A1
fase,n,A1
conoscenza,n,A1
ottobre,n,A1
storico,adj,A1
infine,adv,A1
oppure,conj,A1
apparire,v,A1
contenuto,n,A1
approvare,v,A1
spesa,n,A1
vecchio,adj,A1
applicazione,n,A1
soltanto,adv,A1
ulteriore,adj,A1
attuale,adj,A1
competenza,n,A1
sei,num,A1
vario,adj,A1
rivolgere,v,A1
utile,adj,A1
evitare,v,A1
amico,n,A1
medio,adj,A1
luce,n,A1
esigenza,n,A1
figlio,n,A1
comunità,n,A1
necessità,n,A1
affermare,v,A1
chiaro,adj,A1
messaggio,n,A1
voce,n,A1
gioco,n,A1
settimana,n,A1
giusto,adj,A1
diretto,adj,A1
prova,n,A1
produzione,n,A1
finanziario,adj,A1
febbraio,n,A1
modello,n,A1
costo,n,A1
bisognare,v,A1
capacità,n,A1
massimo,adj,A1
riportare,v,A1
professionale,adj,A1
procedura,n,A1
soluzione,n,A1
fondamentale,adj,A1
carattere,n,A1
novembre,n,A1
valutazione,n,A1
provare,v,A1
costruire,v,A1
occhio,n,A1
breve,adj,A1
impegno,n,A1
singolo,adj,A1
destinare,v,A1
collaborazione,n,A1
speciale,adj,A1
appena,adv,A1
adottare,v,A1
affrontare,v,A1
ridurre,v,A1
concludere,v,A1
determinare,v,A1
terra,n,A1
mancare,v,A1
riferire,v,A1
operare,v,A1
provincia,n,A1
interno,adj,A1
applicare,v,A1
provvedimento,n,A1
scopo,n,A1
contributo,n,A1
individuare,v,A1
repubblica,n,A1
disponibile,adj,A1
sì,adv,A1
grave,adj,A1
pari,adj,A1
genere,n,A1
corpo,n,A1
verificare,v,A1
lei,pron,A1
superare,v,A1
partecipazione,n,A1
intervenire,v,A1
qualcuno,pron,A1
basso,adj,A1
assicurare,v,A1
ufficiale,adj,A1
percorso,n,A1
promuovere,v,A1
direttamente,adv,A1
notizia,n,A1
certo,adv,A1
numeroso,adj,A1
direzione,n,A1
sezione,n,A1
vicino,adj,A1
tu,pron,A1
ragazzo,n,A1
valere,v,A1
ex,adj,A1
ovvero,conj,A1
impegnare,v,A1
raccogliere,v,A1
derivare,v,A1
agosto,n,A1
modificare,v,A1
favore,n,A1
contratto,n,A1
amministrativo,adj,A1
davvero,adv,A1
futuro,n,A1
occupare,v,A1
realizzazione,n,A1
sottolineare,v,A1
pure,conj,A1
mantenere,v,A1
morire,v,A1
libertà,n,A1
giovane,n,A1
responsabilità,n,A1
bene,n,A1
decisione,n,A1
resto,n,A1
aiutare,v,A1
fermare,v,A1
confermare,v,A1
camera,n,A1
sperare,v,A1
operazione,n,A1
personale,n,A1
categoria,n,A1
coinvolgere,v,A1
registrare,v,A1
scoprire,v,A1
autorità,n,A1
morte,n,A1
regola,n,A1
te,pron,A1
unità,n,A1
sopra,adv,A1
giovane,adj,A1
discussione,n,A1
chiudere,v,A1
osservare,v,A1
argomento,n,A1
ecco,adv,A1
evento,n,A1
movimento,n,A1
amore,n,A1
prezzo,n,A1
legislativo,adj,A1
scientifico,adj,A1
naturale,adj,A1
quadro,n,A1
età,n,A1
limitare,v,A1
direttore,n,A1
comporre,v,A1
caratteristica,n,A1
passo,n,A1
merito,n,A1
analisi,n,A1
esercizio,n,A1
unione,n,A1
sole,n,A1
criterio,n,A1
carta,n,A1
giornata,n,A1
cuore,n,A1
medesimo,adj,A1
condurre,v,A1
occorrere,v,A1
conseguenza,n,A1
cinque,num,A1
accesso,n,A1
gente,n,A1
aspettare,v,A1
film,n,A1
significare,v,A1
centrale,adj,A1
economia,n,A1
ieri,adv,A1
compito,n,A1
reale,adj,A1
mostrare,v,A1
recente,adj,A1
difficoltà,n,A1
regolamento,n,A1
membro,n,A1
vostro,adj,A1
piacere,v,A1
interessare,v,A1
ampio,adj,A1
comportare,v,A1
niente,adv,A1
pagare,v,A1
giungere,v,A1
indirizzo,n,A1
piuttosto,adv,A1
raccontare,v,A1
parere,n,A1
costituzione,n,A1
parere,v,A1
adesso,adv,A1
accettare,v,A1
coloro,pron,A1
procedere,v,A1
considerazione,n,A1
anzi,adv,A1
stampa,n,A1
dichiarazione,n,A1
sviluppare,v,A1
positivo,adj,A1
amare,v,A1
differenza,n,A1
lavoratore,n,A1
incontrare,v,A1
americano,adj,A1
avanti,adv,A1
successo,n,A1
disciplina,n,A1
difesa,n,A1
quota,n,A1
modifica,n,A1
pace,n,A1
musica,n,A1
simile,adj,A1
bilancio,n,A1
giudizio,n,A1
utente,n,A1
pertanto,adv,A1
padre,n,A1
finale,adj,A1
mediante,prep,A1
origine,n,A1
lontano,adj,A1
guida,n,A1
comunicare,v,A1
compiere,v,A1
dimensione,n,A1
voto,n,A1
aumentare,v,A1
mondiale,adj,A1
valutare,v,A1
fisico,adj,A1
presentazione,n,A1
aperto,adj,A1
indicazione,n,A1
secolo,n,A1
minore,adj,A1
sostituire,v,A1
chiesa,n,A1
formare,v,A1
crescere,v,A1
antico,adj,A1
fonte,n,A1
primo,n,A1
vincere,v,A1
integrazione,n,A1
classe,n,A1
maniera,n,A1
caro,adj,A1
lingua,n,A1
facile,adj,A1
pratica,n,A1
riguardo,n,A1
arte,n,A1
gestire,v,A1
legare,v,A1
danno,n,A1
attuazione,n,A1
interessante,adj,A1
comunale,adj,A1
obbligo,n,A1
attivo,adj,A1
rappresentante,n,A1
responsabile,n,A1
viaggio,n,A1
introdurre,v,A1
comitato,n,A1
ammettere,v,A1
continuo,adj,A1
pronto,adj,A1
favorire,v,A1
giocare,v,A1
unito,adj,A1
salute,n,A1
magari,adv,A1
pubblico,n,A1
riforma,n,A1
accompagnare,v,A1
risolvere,v,A1
notte,n,A1
sicuramente,adv,A1
tramite,prep,A1
nonostante,prep,A1
definizione,n,A1
popolazione,n,A1
colpire,v,A1
popolo,n,A1
succedere,v,A1
mare,n,A1
sera,n,A1
condividere,v,A1
minuto,n,A1
pensiero,n,A1
invitare,v,A1
aiuto,n,A1
affidare,v,A1
provenire,v,A1
accadere,v,A1
carico,n,A1
tecnologia,n,A1
fissare,v,A1
costruzione,n,A1
muovere,v,A1
manifestazione,n,A1
metà,n,A1
inferiore,adj,A1
proprio,adj,A1
commento,n,A1
partito,n,A1
passato,n,A1
istruzione,n,A1
figura,n,A1
straordinario,adj,A1
dimenticare,v,A1
scolastico,adj,A1
operativo,adj,A1
professore,n,A1
senza,conj,A1
sé,pron,A1
basare,v,A1
testa,n,A1
complessivo,adj,A1
preparare,v,A1
studente,n,A1
provvedere,v,A1
principio,n,A1
trasformare,v,A1
componente,n,A1
nota,n,A1
ovviamente,adv,A1
maggioranza,n,A1
opportunità,n,A1
fenomeno,n,A1
proseguire,v,A1
completo,adj,A1
ipotesi,n,A1
giro,n,A1
veramente,adv,A1
re,n,A1
provinciale,adj,A1
avviare,v,A1
là,adv,A1
codice,n,A1
utilizzo,n,A1
offerta,n,A1
passaggio,n,A1
nero,adj,A1
colore,n,A1
personaggio,n,A1
campagna,n,A1
attribuire,v,A1
dieci,num,A1
ricco,adj,A1
conclusione,n,A1
riprendere,v,A1
protagonista,n,A1
diffondere,v,A1
proposito,n,A1
sostegno,n,A1
significativo,adj,A1
escludere,v,A1
giustizia,n,A1
commerciale,adj,A1
trasmettere,v,A1
segnalare,v,A1
conferenza,n,A1
imporre,v,A1
appartenere,v,A1
metodo,n,A1
presto,adv,A1
pubblicazione,n,A1
ambientale,adj,A1
adeguato,adj,A1
correre,v,A1
caratterizzare,v,A1
sottoporre,v,A1
collegare,v,A1
costringere,v,A1
trattamento,n,A1
accogliere,v,A1
emergere,v,A1
iscrivere,v,A1
entrata,n,A1
esterno,adj,A1
purtroppo,adv,A1
bianco,adj,A1
minimo,adj,A1
scienza,n,A1
assoluto,adj,A1
concreto,adj,A1
verità,n,A1
probabilmente,adv,A1
durata,n,A1
insomma,adv,A1
importanza,n,A1
dirigente,n,A1
attesa,n,A1
apposito,adj,A1
dubbio,n,A1
moderno,adj,A1
lì,adv,A1
profondo,adj,A1
segno,n,A1
attualmente,adv,A1
contesto,n,A1
porta,n,A1
poiché,conj,A1
rilevare,v,A1
evidente,adj,A1
crescita,n,A1
normale,adj,A1
competente,adj,A1
materiale,n,A1
impianto,n,A1
assistenza,n,A1
ecc.,abb,A1
ritrovare,v,A1
capace,adj,A1
egli,pron,A1
contribuire,v,A1
male,adv,A1
ascoltare,v,A1
contatto,n,A1
organo,n,A1
trasporto,n,A1
comportamento,n,A1
militare,adj,A1
particolarmente,adv,A1
preciso,adj,A1
notare,v,A1
domenica,n,A1
lettura,n,A1
opinione,n,A1
ciao,int,A1
operatore,n,A1
divenire,v,A1
disegno,n,A1
esporre,v,A1
lato,n,A1
crisi,n,A1
interessato,adj,A1
assolutamente,adv,A1
tradizione,n,A1
sinistra,n,A1
controllare,v,A1
che,pron,A1
che,conj,A1
anche,conj,A1
ci,adv,A1
come,prep,A1
dove,adv,A1
come,conj,A1
quando,conj,A1
però,conj,A1
fino a,prep,A1
ne,pron,A1
ci,pron,A1
nulla,adv,A1
prima di,prep,A1
rispetto a,prep,A1
come,adv,A1
anche se,conj,A1
gli,pron,A1
uno,num,A1
maggiore,adj,A1
comunque,adv,A1
li,pron,A1
sennò,adv,A1
a,n,A1
la,pron,A1
le,pron,A1
in particolare,adv,A1
azionista,n,A1
Stati Uniti,np,A1
quindi,conj,A1
rendiconto,n,A1
che,adj,A1
allora,conj,A1
grazie a,prep,A1
liquidità,n,A1
New York,np,A1
più,adj,A1
quanto,adv,A1
anzi,conj,A1
nei confronti di,prep,A1
oltre a,prep,A1
per esempio,adv,A1
serbo,adj,A1
stesso,pron,A1
nel corso di,prep,A1
pigliare,v,A1
diverso,adj,A1
in quanto,conj,A1
Serbo,n,A1
Bosnia,np,A1
comunque,conj,A1
quando,adv,A1
memoria,n,A2
opportuno,adj,A2
descrivere,v,A2
mandare,v,A2
parlamento,n,A2
sanitario,adj,A2
capitale,n,A2
territoriale,adj,A2
macchina,n,A2
corte,n,A2
migliorare,v,A2
profilo,n,A2
Dio,n,A2
ripetere,v,A2
scena,n,A2
edizione,n,A2
aumento,n,A2
addirittura,adv,A2
facoltà,n,A2
complesso,adj,A2
cadere,v,A2
tentare,v,A2
protezione,n,A2
piede,n,A2
esercitare,v,A2
nord,n,A2
visita,n,A2
versione,n,A2
guidare,v,A2
totale,adj,A2
distanza,n,A2
vigore,n,A2
commercio,n,A2
errore,n,A2
lotta,n,A2
avanzare,v,A2
banca,n,A2
preferire,v,A2
foto,n,A2
paura,n,A2
energia,n,A2
citare,v,A2
studiare,v,A2
evidenziare,v,A2
spirito,n,A2
volontà,n,A2
esperto,n,A2
discorso,n,A2
vicenda,n,A2
espressione,n,A2
finalmente,adv,A2
polizia,n,A2
indagine,n,A2
eseguire,v,A2
Internet,n,A2
assistere,v,A2
salvare,v,A2
rispettare,v,A2
lanciare,v,A2
definitivo,adj,A2
rivelare,v,A2
sabato,n,A2
nemmeno,adv,A2
assegnare,v,A2
tradizionale,adj,A2
riservare,v,A2
aria,n,A2
duro,adj,A2
Torino,np,A2
contare,v,A2
toccare,v,A2
ricorso,n,A2
metro,n,A2
convincere,v,A2
produttivo,adj,A2
concernere,v,A2
riduzione,n,A2
malattia,n,A2
giuridico,adj,A2
sud,n,A2
media,n,A2
completamente,adv,A2
sostanza,n,A2
determinato,adj,A2
web,n,A2
impedire,v,A2
mancanza,n,A2
concorso,n,A2
industriale,adj,A2
autonomo,adj,A2
apertura,n,A2
voi,pron,A2
tendere,v,A2
semplicemente,adv,A2
dopo,adv,A2
concetto,n,A2
inglese,adj,A2
efficace,adj,A2
famoso,adj,A2
appunto,adv,A2
sindaco,n,A2
esso,pron,A2
palazzo,n,A2
salire,v,A2
acquistare,v,A2
previsione,n,A2
istituzionale,adj,A2
arma,n,A2
curare,v,A2
dibattito,n,A2
assenza,n,A2
riconoscimento,n,A2
alcuno,pron,A2
certamente,adv,A2
mente,n,A2
"ciascun, ciascuno",adj,A2
sufficiente,adj,A2
finanziamento,n,A2
medico,n,A2
ritorno,n,A2
prestazione,n,A2
tecnica,n,A2
unire,v,A2
vendere,v,A2
verifica,n,A2
informare,v,A2
annunciare,v,A2
prospettiva,n,A2
garanzia,n,A2
grosso,adj,A2
funzionare,v,A2
regime,n,A2
vendita,n,A2
rischiare,v,A2
segnare,v,A2
togliere,v,A2
abbastanza,adv,A2
negativo,adj,A2
mezzo,adj,A2
qualora,conj,A2
rientrare,v,A2
naturalmente,adv,A2
disponibilità,n,A2
ordinario,adj,A2
esistenza,n,A2
specie,n,A2
speranza,n,A2
essenziale,adj,A2
istituire,v,A2
provocare,v,A2
piazza,n,A2
proprietà,n,A2
giudice,n,A2
possedere,v,A2
riflessione,n,A2
agenzia,n,A2
volume,n,A2
affare,n,A2
compreso,adj,A2
autonomia,n,A2
esclusivamente,adv,A2
santo,adj,A2
gara,n,A2
vivo,adj,A2
fuoco,n,A2
scendere,v,A2
ingresso,n,A2
elenco,n,A2
destra,n,A2
pagamento,n,A2
lista,n,A2
straniero,adj,A2
precisare,v,A2
spettacolo,n,A2
visione,n,A2
immediato,adj,A2
Bologna,np,A2
premio,n,A2
dirigere,v,A2
girare,v,A2
corrispondere,v,A2
elevato,adj,A2
subire,v,A2
ospitare,v,A2
legato,adj,A2
dietro,adv,A2
approvazione,n,A2
successivamente,adv,A2
stagione,n,A2
uccidere,v,A2
Firenze,np,A2
valido,adj,A2
estendere,v,A2
comunitario,adj,A2
attendere,v,A2
religioso,adj,A2
requisito,n,A2
estremo,adj,A2
dottore,n,A2
secondo,n,A2
squadra,n,A2
organismo,n,A2
madre,n,A2
acquisto,n,A2
promozione,n,A2
cambiamento,n,A2
conservare,v,A2
autorizzare,v,A2
epoca,n,A2
strategia,n,A2
materiale,adj,A2
lungo,prep,A2
popolare,adj,A2
teatro,n,A2
supporto,n,A2
uscita,n,A2
agire,v,A2
programmazione,n,A2
genitore,n,A2
elettronico,adj,A2
originale,adj,A2
vantaggio,n,A2
patrimonio,n,A2
documentazione,n,A2
davanti,adv,A2
Francia,np,A2
male,n,A2
nascondere,v,A2
tentativo,n,A2
effettivo,adj,A2
miliardo,n,A2
coordinamento,n,A2
italiano,n,A2
raccolta,n,A2
elezione,n,A2
laboratorio,n,A2
conseguire,v,A2
cosiddetto,adj,A2
classico,adj,A2
pezzo,n,A2
massimo,n,A2
legale,adj,A2
individuale,adj,A2
collettivo,adj,A2
identità,n,A2
notevole,adj,A2
creazione,n,A2
pena,n,A2
conflitto,n,A2
giornale,n,A2
imparare,v,A2
difendere,v,A2
stile,n,A2
nuovo,n,A2
intorno,prep,A2
spingere,v,A2
sogno,n,A2
francese,adj,A2
colpo,n,A2
segretario,n,A2
investimento,n,A2
aggiornamento,n,A2
vittima,n,A2
svolgimento,n,A2
convenzione,n,A2
procedimento,n,A2
favorevole,adj,A2
tipico,adj,A2
sicuro,adj,A2
distribuzione,n,A2
manifestare,v,A2
nazione,n,A2
Napoli,np,A2
acquisire,v,A2
esecuzione,n,A2
altrimenti,adv,A2
immediatamente,adv,A2
fratello,n,A2
coprire,v,A2
industria,n,A2
futuro,adj,A2
rosso,adj,A2
attivare,v,A2
qualunque,adj,A2
immaginare,v,A2
richiamare,v,A2
cattivo,adj,A2
diffusione,n,A2
prestare,v,A2
assemblea,n,A2
dividere,v,A2
novità,n,A2
venerdì,n,A2
votare,v,A2
abbandonare,v,A2
insieme,n,A2
rilasciare,v,A2
trarre,v,A2
normativo,adj,A2
peso,n,A2
mangiare,v,A2
riunione,n,A2
presidenza,n,A2
dipartimento,n,A2
autorizzazione,n,A2
intesa,n,A2
tecnologico,adj,A2
attacco,n,A2
serio,adj,A2
povero,adj,A2
permanente,adj,A2
fondare,v,A2
osservazione,n,A2
intanto,adv,A2
vigente,adj,A2
docente,n,A2
discutere,v,A2
neanche,adv,A2
perciò,conj,A2
organizzativo,adj,A2
dentro,adv,A2
desiderare,v,A2
riunire,v,A2
didattico,adj,A2
ministero,n,A2
correggere,v,A2
mattina,n,A2
avviso,n,A2
trasferire,v,A2
copia,n,A2
sportivo,adj,A2
animale,n,A2
impiego,n,A2
generale,n,A2
quotidiano,adj,A2
dipendere,v,A2
dipendente,n,A2
eliminare,v,A2
interpretare,v,A2
contrario,adj,A2
possesso,n,A2
ciascuno,pron,A2
pericolo,n,A2
ragazza,n,A2
costituzionale,adj,A2
signore,n,A2
significato,n,A2
pericoloso,adj,A2
artistico,adj,A2
sentenza,n,A2
associare,v,A2
quantità,n,A2
avvicinare,v,A2
cinema,n,A2
terreno,n,A2
firmare,v,A2
dotare,v,A2
iscrizione,n,A2
collega,n,A2
puntare,v,A2
inutile,adj,A2
soldo,n,A2
insegnare,v,A2
tirare,v,A2
chiave,n,A2
anima,n,A2
informativo,adj,A2
festa,n,A2
computer,n,A2
recupero,n,A2
domani,adv,A2
credito,n,A2
illustrare,v,A2
attuare,v,A2
fattore,n,A2
frutto,n,A2
scambio,n,A2
fede,n,A2
rilevante,adj,A2
seduta,n,A2
opposizione,n,A2
finanza,n,A2
conseguente,adj,A2
coscienza,n,A2
appello,n,A2
evoluzione,n,A2
musicale,adj,A2
tratto,n,A2
informatico,adj,A2
giornalista,n,A2
arrivo,n,A2
cielo,n,A2
estate,n,A2
annuale,adj,A2
ognuno,pron,A2
strano,adj,A2
giunta,n,A2
consigliare,v,A2
esaminare,v,A2
rivista,n,A2
interpretazione,n,A2
trasferimento,n,A2
violenza,n,A2
statale,adj,A2
includere,v,A2
determinazione,n,A2
enorme,adj,A2
impossibile,adj,A2
America,np,A2
somma,n,A2
critica,n,A2
Venezia,np,A2
educazione,n,A2
democratico,adj,A2
riflettere,v,A2
linguaggio,n,A2
responsabile,adj,A2
sbagliare,v,A2
auto,n,A2
contrario,n,A2
estero,adj,A2
artista,n,A2
problematico,adj,A2
nascita,n,A2
isola,n,A2
occupazione,n,A2
concerto,n,A2
introduzione,n,A2
universitario,adj,A2
firma,n,A2
mostra,n,A2
comprare,v,A2
partita,n,A2
rifiuto,n,A2
indispensabile,adj,A2
ricorrere,v,A2
tedesco,adj,A2
battaglia,n,A2
giudicare,v,A2
familiare,adj,A2
integrare,v,A2
lunedì,n,A2
compagnia,n,A2
dettaglio,n,A2
godere,v,A2
democrazia,n,A2
innovazione,n,A2
critico,adj,A2
meccanismo,n,A2
affinché,conj,A2
dialogo,n,A2
solidarietà,n,A2
terzo,n,A2
massa,n,A2
generazione,n,A2
combattere,v,A2
convegno,n,A2
tribunale,n,A2
assessore,n,A2
migliaio,n,A2
trasformazione,n,A2
gratuito,adj,A2
costante,adj,A2
appuntamento,n,A2
completare,v,A2
attento,adj,A2
passione,n,A2
soddisfare,v,A2
investire,v,A2
spettare,v,A2
denunciare,v,A2
rilievo,n,A2
fortuna,n,A2
terminare,v,A2
consumo,n,A2
ringraziare,v,A2
distribuire,v,A2
battere,v,A2
chiunque,pron,A2
orario,n,A2
capitolo,n,A2
romano,adj,A2
trasmissione,n,A2
davanti,prep,A2
partenza,n,A2
urbano,adj,A2
ordinamento,n,A2
collegamento,n,A2
ritornare,v,A2
collocare,v,A2
esito,n,A2
distinguere,v,A2
attore,n,A2
assai,adv,A2
solito,n,A2
fiscale,adj,A2
insegnante,n,A2
differente,adj,A2
sangue,n,A2
elaborare,v,A2
tecnico,n,A2
consistere,v,A2
essere,n,A2
accedere,v,A2
neppure,adv,A2
direttiva,n,A2
desiderio,n,A2
perfetto,adj,A2
lezione,n,A2
efficacia,n,A2
nominare,v,A2
parco,n,A2
avvertire,v,A2
funzionamento,n,A2
cliente,n,A2
vasto,adj,A2
Germania,np,A2
schema,n,A2
cogliere,v,A2
verde,adj,A2
analogo,adj,A2
giustificare,v,A2
complesso,n,A2
orientamento,n,A2
missione,n,A2
fiducia,n,A2
intenzione,n,A2
scadenza,n,A2
posta,n,A2
logica,n,A2
elettorale,adj,A2
doppio,adj,A2
identificare,v,A2
contemporaneo,adj,A2
leggero,adj,A2
integrato,adj,A2
preoccupare,v,A2
idoneo,adj,A2
chiuso,adj,A2
obbligatorio,adj,A2
modificazione,n,A2
sforzo,n,A2
eccezione,n,A2
onda,n,A2
titolare,n,A2
predisporre,v,A2
scala,n,A2
felice,adj,A2
motivazione,n,A2
agricolo,adj,A2
lettore,n,A2
recuperare,v,A2
moglie,n,A2
silenzio,n,A2
intervista,n,A2
sfida,n,A2
fascia,n,A2
sorgere,v,A2
atteggiamento,n,A2
bravo,adj,A2
forum,n,A2
confine,n,A2
insegnamento,n,A2
accanto,adv,A2
adozione,n,A2
eppure,adv,A2
indice,n,A2
copertura,n,A2
fermo,adj,A2
piacere,n,A2
penale,adj,A2
puro,adj,A2
sette,num,A2
edificio,n,A2
entrambi,adj,A2
ospedale,n,A2
stretto,adj,A2
consegnare,v,A2
caldo,adj,A2
teoria,n,A2
analizzare,v,A2
scheda,n,A2
sindacale,adj,A2
giovedì,n,A2
leader,n,A2
iniziale,adj,A2
episodio,n,A2
sotto,adv,A2
spostare,v,A2
prevenzione,n,A2
carica,n,A2
faccia,n,A2
perdita,n,A2
preparazione,n,A2
incarico,n,A2
quarto,adj,A2
rapido,adj,A2
pomeriggio,n,A2
consumatore,n,A2
connesso,adj,A2
pesante,adj,A2
tel.,abb,A2
morale,adj,A2
pratico,adj,A2
uguale,adj,A2
facilmente,adv,A2
sanità,n,A2
accertare,v,A2
negare,v,A2
impiegare,v,A2
canale,n,A2
concessione,n,A2
muro,n,A2
ciclo,n,A2
software,n,A2
suddetto,adj,A2
ordinare,v,A2
dolore,n,A2
rifiutare,v,A2
visitare,v,A2
spalla,n,A2
commentare,v,A2
freddo,adj,A2
compagno,n,A2
elettrico,adj,A2
suggerire,v,A2
liberare,v,A2
globale,adj,A2
totale,n,A2
tendenza,n,A2
velocità,n,A2
serata,n,A2
chiarire,v,A2
colpa,n,A2
racconto,n,A2
impatto,n,A2
frequentare,v,A2
costare,v,A2
equilibrio,n,A2
meritare,v,A2
miglioramento,n,A2
relativamente,adv,A2
concordare,v,A2
parlamentare,adj,A2
traffico,n,A2
vittoria,n,A2
distruggere,v,A2
giudiziario,adj,A2
centinaio,n,A2
violazione,n,A2
indietro,adv,A2
capitare,v,A2
motore,n,A2
socio,n,A2
voglia,n,A2
ispirare,v,A2
femminile,adj,A2
scusare,v,A2
rispettivo,adj,A2
eventualmente,adv,A2
occidentale,adj,A2
finanziare,v,A2
monte,n,A2
sguardo,n,A2
consenso,n,A2
senato,n,A2
museo,n,A2
formulare,v,A2
volto,n,A2
calcio,n,A2
assunzione,n,A2
entrambi,pron,A2
fila,n,A2
bloccare,v,A2
sedere,v,A2
sindacato,n,A2
generare,v,A2
link,n,A2
effettivamente,adv,A2
alzare,v,A2
inserimento,n,A2
lavorativo,adj,A2
fax,n,A2
statuto,n,A2
abitante,n,A2
tesi,n,A2
apprezzare,v,A2
rinnovare,v,A2
aziendale,adj,A2
cristiano,adj,A2
attraversare,v,A2
candidato,n,A2
sicuro,adv,A2
scarso,adj,A2
deputato,n,A2
carriera,n,A2
rispettivamente,adv,A2
beneficio,n,A2
funzionale,adj,A2
tradurre,v,A2
riserva,n,A2
importo,n,A2
traccia,n,A2
coordinare,v,A2
coppia,n,A2
reddito,n,A2
durare,v,A2
chiusura,n,A2
televisivo,adj,A2
mille,num,A2
martedì,n,A2
fondazione,n,A2
finora,adv,A2
presa,n,A2
campione,n,A2
ritardo,n,A2
invito,n,A2
sentimento,n,A2
filosofia,n,A2
frase,n,A2
avvocato,n,A2
sospendere,v,A2
concentrare,v,A2
alternativo,adj,A2
mercoledì,n,A2
emergenza,n,A2
religione,n,A2
strategico,adj,A2
rappresentanza,n,A2
contrasto,n,A2
testimonianza,n,A2
selezione,n,A2
parziale,adj,A2
risalire,v,A2
aggiornare,v,A2
sottoscrivere,v,A2
cooperazione,n,A2
stazione,n,A2
potenza,n,A2
primario,adj,A2
rinunciare,v,A2
regolare,v,A2
superficie,n,A2
collaborare,v,A2
emanare,v,A2
dolce,adj,A2
sala,n,A2
pervenire,v,A2
comando,n,A2
approccio,n,A2
imposta,n,A2
decina,n,A2
segnale,n,A2
descrizione,n,A2
innovativo,adj,A2
causare,v,A2
elementare,adj,A2
pressione,n,A2
prezioso,adj,A2
ricordo,n,A2
disco,n,A2
intenso,adj,A2
elaborazione,n,A2
individuo,n,A2
cifra,n,A2
approfondimento,n,A2
telefono,n,A2
scaricare,v,A2
largo,adj,A2
affermazione,n,A2
cambio,n,A2
chiaramente,adv,A2
biblioteca,n,A2
vino,n,A2
circostanza,n,A2
stipulare,v,A2
vacanza,n,A2
agente,n,A2
mirare,v,A2
confrontare,v,A2
percentuale,n,A2
redazione,n,A2
approfondire,v,A2
veloce,adj,A2
attaccare,v,A2
debole,adj,A2
ricercatore,n,A2
suonare,v,A2
armato,adj,A2
praticamente,adv,A2
maestro,n,A2
variazione,n,A2
medicina,n,A2
archivio,n,A2
ripresa,n,A2
indurre,v,A2
versare,v,A2
proteggere,v,A2
soffrire,v,A2
allegato,n,A2
professionista,n,A2
altrettanto,adv,A2
paio,n,A2
aderire,v,A2
esclusione,n,A2
incidente,n,A2
importare,v,A2
Genova,np,A2
individuazione,n,A2
alternativa,n,A2
simbolo,n,A2
località,n,A2
risoluzione,n,A2
braccio,n,A2
temere,v,A2
sanzione,n,A2
laurea,n,A2
turistico,adj,A2
sport,n,A2
legislazione,n,A2
video,n,A2
canzone,n,A2
fortemente,adv,A2
specializzato,adj,A2
patto,n,A2
porto,n,A2
tasso,n,A2
bocca,n,A2
reazione,n,A2
otto,num,A2
vietare,v,A2
tabella,n,A2
concedere,v,A2
stella,n,A2
oro,n,A2
incidere,v,A2
esistente,adj,A2
sfruttare,v,A2
gusto,n,A2
aula,n,A2
esposizione,n,A2
istanza,n,A2
montagna,n,A2
esattamente,adv,A2
letteratura,n,A2
conquistare,v,A2
sintesi,n,A2
dettare,v,A2
composizione,n,A2
persino,adv,A2
amministratore,n,A2
potente,adj,A2
regista,n,A2
clima,n,A2
modulo,n,A2
corrispondente,adj,A2
accertamento,n,A2
conferire,v,A2
tagliare,v,A2
tavolo,n,A2
pubblicità,n,A2
nomina,n,A2
ombra,n,A2
cancellare,v,A2
indipendente,adj,A2
rafforzare,v,A2
acquisizione,n,A2
quartiere,n,A2
stanza,n,A2
preventivo,adj,A2
avvio,n,A2
nucleo,n,A2
reato,n,A2
bellezza,n,A2
filo,n,A2
bando,n,A2
parametro,n,A2
interessato,n,A2
ritirare,v,A2
decennio,n,A2
alimentare,adj,A2
vertice,n,A2
canto,n,A2
spendere,v,A2
agricoltura,n,A2
protocollo,n,A2
borsa,n,A2
trenta,num,A2
delicato,adj,A2
volgere,v,A2
calcolare,v,A2
turismo,n,A2
professione,n,A2
educativo,adj,A2
estremamente,adv,A2
fiume,n,A2
perseguire,v,A2
coraggio,n,A2
arco,n,A2
corsa,n,A2
infrastruttura,n,A2
figlia,n,A2
scoperta,n,A2
recentemente,adv,A2
progettazione,n,A2
emettere,v,A2
guardia,n,A2
affatto,adv,A2
relatore,n,A2
dentro,prep,A2
accusa,n,A2
editore,n,A2
cattolico,adj,A2
trascorrere,v,A2
messa,n,A2
ideale,adj,A2
sollevare,v,A2
cassa,n,A2
emozione,n,A2
scontro,n,A2
formale,adj,A2
condannare,v,A2
tensione,n,A2
tranquillo,adj,A2
produttore,n,A2
privare,v,A2
consapevole,adj,A2
medico,adj,A2
finestra,n,A2
brutto,adj,A2
predetto,adj,A2
eleggere,v,A2
percepire,v,A2
poesia,n,A2
sensazione,n,A2
secondario,adj,A2
comparire,v,A2
personalità,n,A2
frequenza,n,A2
esclusivo,adj,A2
urgente,adj,A2
ridere,v,A2
Usa,np,A2
pronunciare,v,A2
personalmente,adv,A2
suono,n,A2
ritmo,n,A2
rimettere,v,A2
certezza,n,A2
promettere,v,A2
televisione,n,A2
saltare,v,A2
consapevolezza,n,A2
preoccupazione,n,A2
cantare,v,A2
umanità,n,A2
carne,n,A2
km,abb,A2
esercito,n,A2
pelle,n,A2
delibera,n,A2
concorrere,v,A2
ossia,conj,A2
atmosfera,n,A2
allegare,v,A2
tavola,n,A2
negozio,n,A2
vabbè,int,A2
pollo,n,A2
perché,adv,A2
svalutazione,n,A2
come se,conj,A2
ribasso,n,A2
sigaro,n,A2
croato,adj,A2
in base a,prep,A2
intorno a,prep,A2
basta,int,A2
listino,n,A2
rialzo,n,A2
pure,adv,A2
tuttavia,conj,A2
a causa di,prep,A2
attorno a,prep,A2
bene,int,A2
in grado di,prep,A2
insieme a,prep,A2
oggi,n,A2
piastrella,n,A2
su,adv,A2
profugo,n,A2
ricavo,n,A2
vicino a,prep,A2
Zaire,np,A2
babbo,n,A2
fata,n,A2
pentito,n,A2
per quanto riguarda,prep,A2
poco,n,A2
azionario,adj,A2
dividendo,n,A2
insomma,int,A2
all'interno di,prep,A2
fuori da,prep,A2
investitore,n,A2
ne,adv,A2
barzelletta,n,A2
Pechino,np,A2
piccino,adj,A2
quale,adj,A2
quotazione,n,A2
Zagabria,np,A2
eppure,conj,A2
oddio,int,A2
voi,n,A2
flessione,n,A2
fragola,n,A2
Gran Bretagna,np,A2
maiale,n,A2
Bruxelles,np,A2
industriale,n,A2
interrogatorio,n,A2
nel frattempo,adv,A2
pignoramento,n,A2
Ruanda,np,A2
separatamente,adv,A2
al di là di,prep,A2
armare,v,A2
casco,n,A2
che,pron,A2
Croazia,np,A2
maratona,n,A2
raggruppamento,n,A2
specializzare,v,A2
svedese,adj,A2
bagnino,n,A2
bandito,n,A2
innanzitutto,adv,B1
minimo,n,B1
strutturale,adj,B1
decisamente,adv,B1
disagio,n,B1
indirizzare,v,B1
splendido,adj,B1
privo,adj,B1
consultazione,n,B1
orientare,v,B1
maggiormente,adv,B1
fianco,n,B1
radice,n,B1
programmare,v,B1
dollaro,n,B1
allontanare,v,B1
guadagnare,v,B1
registro,n,B1
scrittura,n,B1
netto,adj,B1
sposare,v,B1
adesione,n,B1
denaro,n,B1
pensione,n,B1
gesto,n,B1
raro,adj,B1
valorizzare,v,B1
vincolo,n,B1
vento,n,B1
troppo,adj,B1
sorpresa,n,B1
adulto,adj,B1
specificare,v,B1
segreteria,n,B1
ignorare,v,B1
calcolo,n,B1
abitare,v,B1
originario,adj,B1
Toscana,np,B1
legame,n,B1
conferma,n,B1
redigere,v,B1
volo,n,B1
altezza,n,B1
uno,pron,B1
Spagna,np,B1
tesoro,n,B1
revisione,n,B1
mamma,n,B1
pregare,v,B1
percorrere,v,B1
fatica,n,B1
civiltà,n,B1
registrazione,n,B1
angolo,n,B1
formula,n,B1
appartenenza,n,B1
destinazione,n,B1
tardi,adv,B1
scrittore,n,B1
assieme,adv,B1
regolare,adj,B1
respingere,v,B1
Parigi,np,B1
fotografia,n,B1
precedere,v,B1
corretto,adj,B1
rompere,v,B1
separare,v,B1
progettare,v,B1
polemica,n,B1
concorrenza,n,B1
perfettamente,adv,B1
dignità,n,B1
temporaneo,adj,B1
priorità,n,B1
maturare,v,B1
onore,n,B1
indicato,adj,B1
segreto,adj,B1
salutare,v,B1
delegare,v,B1
premessa,n,B1
papa,n,B1
destino,n,B1
rinviare,v,B1
pietra,n,B1
unitario,adj,B1
restituire,v,B1
mobile,adj,B1
chimico,adj,B1
cd,abb,B1
cibo,n,B1
digitale,adj,B1
scomparire,v,B1
opporre,v,B1
amico,adj,B1
supportare,v,B1
nemico,n,B1
locale,n,B1
bere,v,B1
taglio,n,B1
situare,v,B1
consultare,v,B1
Sicilia,np,B1
blocco,n,B1
commettere,v,B1
apportare,v,B1
consulenza,n,B1
cavallo,n,B1
scenario,n,B1
FALSO,adj,B1
solamente,adv,B1
cedere,v,B1
qua,adv,B1
aggiuntivo,adj,B1
divieto,n,B1
dopo,conj,B1
praticare,v,B1
sostanziale,adj,B1
avventura,n,B1
ministeriale,adj,B1
gioia,n,B1
imprenditore,n,B1
moda,n,B1
online,adj,B1
necessariamente,adv,B1
pesce,n,B1
pianeta,n,B1
intraprendere,v,B1
giocatore,n,B1
accusare,v,B1
visibile,adj,B1
evidenza,n,B1
divisione,n,B1
fresco,adj,B1
resistenza,n,B1
condanna,n,B1
terrorismo,n,B1
sesso,n,B1
continuità,n,B1
contemporaneamente,adv,B1
mobilità,n,B1
flusso,n,B1
soggetto,adj,B1
congresso,n,B1
test,n,B1
olio,n,B1
dormire,v,B1
infanzia,n,B1
ricchezza,n,B1
portata,n,B1
denominare,v,B1
biologico,adj,B1
adattare,v,B1
smettere,v,B1
buttare,v,B1
giardino,n,B1
cliccare,v,B1
eccezionale,adj,B1
sostanzialmente,adv,B1
attestare,v,B1
valorizzazione,n,B1
adatto,adj,B1
dipendente,adj,B1
diminuire,v,B1
soggiorno,n,B1
tono,n,B1
soddisfazione,n,B1
interrompere,v,B1
Londra,np,B1
alimentare,v,B1
permesso,n,B1
cammino,n,B1
Lombardia,np,B1
gettare,v,B1
evidentemente,adv,B1
passato,adj,B1
sospensione,n,B1
albero,n,B1
convenire,v,B1
protesta,n,B1
collegio,n,B1
disciplinare,v,B1
moto,n,B1
eccessivo,adj,B1
nuovamente,adv,B1
grafico,adj,B1
totalmente,adv,B1
obbligare,v,B1
divertire,v,B1
legittimo,adj,B1
regalare,v,B1
partecipante,n,B1
sfuggire,v,B1
efficienza,n,B1
romanzo,n,B1
cucina,n,B1
monitoraggio,n,B1
cane,n,B1
Africa,np,B1
drammatico,adj,B1
circondare,v,B1
circolazione,n,B1
suscitare,v,B1
conservazione,n,B1
disciplinare,adj,B1
funzionario,n,B1
violento,adj,B1
chilometro,n,B1
insistere,v,B1
celebrare,v,B1
fiore,n,B1
tv,abb,B1
progresso,n,B1
intento,n,B1
solito,adj,B1
traduzione,n,B1
adeguare,v,B1
organico,adj,B1
brano,n,B1
allegato,adj,B1
assegnazione,n,B1
viaggiare,v,B1
senatore,n,B1
vuoto,n,B1
ulteriormente,adv,B1
estensione,n,B1
anticipare,v,B1
attorno,adv,B1
letto,n,B1
ottimo,adj,B1
andamento,n,B1
selezionare,v,B1
autentico,adj,B1
contro,adv,B1
contattare,v,B1
dominare,v,B1
tematica,n,B1
contrattuale,adj,B1
collaboratore,n,B1
convocare,v,B1
paziente,n,B1
turno,n,B1
telefonico,adj,B1
articolare,v,B1
tassa,n,B1
gas,n,B1
vigilanza,n,B1
talvolta,adv,B1
opzione,n,B1
sperimentare,v,B1
virtù,n,B1
universale,adj,B1
finale,n,B1
commissario,n,B1
stimolare,v,B1
sensibile,adj,B1
corrente,n,B1
molto,adj,B1
residenza,n,B1
sperimentale,adj,B1
bordo,n,B1
crescente,adj,B1
ricostruzione,n,B1
ripartire,v,B1
ponte,n,B1
adempimento,n,B1
difetto,n,B1
rilascio,n,B1
pienamente,adv,B1
legno,n,B1
Palermo,np,B1
standard,adj,B1
sano,adj,B1
emendamento,n,B1
diffuso,adj,B1
calendario,n,B1
corrente,adj,B1
entità,n,B1
federazione,n,B1
soldato,n,B1
riscontrare,v,B1
allargare,v,B1
certificazione,n,B1
chissà,adv,B1
minaccia,n,B1
esterno,n,B1
anziano,n,B1
mandato,n,B1
facilitare,v,B1
coerente,adj,B1
straniero,n,B1
letterario,adj,B1
incredibile,adj,B1
radicale,adj,B1
trattato,n,B1
psicologico,adj,B1
privato,n,B1
bensì,conj,B1
mentale,adj,B1
inerente,adj,B1
piangere,v,B1
augurare,v,B1
consistente,adj,B1
testimoniare,v,B1
proprietario,n,B1
universo,adj,B1
presupposto,n,B1
colonna,n,B1
pretendere,v,B1
campionato,n,B1
stradale,adj,B1
Lazio,np,B1
denuncia,n,B1
sottrarre,v,B1
risparmio,n,B1
impressione,n,B1
formato,n,B1
appoggiare,v,B1
bar,n,B1
governare,v,B1
cittadinanza,n,B1
opposto,adj,B1
rassegna,n,B1
circolare,n,B1
polo,n,B1
convinzione,n,B1
ristorante,n,B1
contrastare,v,B1
ulivo,n,B1
verso,n,B1
chiarezza,n,B1
strettamente,adv,B1
stabile,adj,B1
frequente,adj,B1
villaggio,n,B1
conformità,n,B1
carabiniere,n,B1
architettura,n,B1
automatico,adj,B1
mistero,n,B1
ricostruire,v,B1
giovanile,adj,B1
progressivo,adj,B1
zero,num,B1
rilevanza,n,B1
abitazione,n,B1
specialmente,adv,B1
specie,adv,B1
decisivo,adj,B1
giù,adv,B1
estivo,adj,B1
Veneto,np,B1
connessione,n,B1
incaricare,v,B1
arrestare,v,B1
fondamento,n,B1
interamente,adv,B1
marito,n,B1
rivedere,v,B1
caccia,n,B1
radio,n,B1
apprendere,v,B1
debito,n,B1
cessare,v,B1
misurare,v,B1
infinito,adj,B1
definitivamente,adv,B1
sofferenza,n,B1
pianta,n,B1
precedenza,n,B1
matrimonio,n,B1
manutenzione,n,B1
salvo,adj,B1
rivoluzione,n,B1
etico,adj,B1
consegna,n,B1
tappa,n,B1
iscritto,n,B1
sollecitare,v,B1
pc,abb,B1
ricoprire,v,B1
sostituzione,n,B1
urgenza,n,B1
rappresentazione,n,B1
distinto,adj,B1
affiancare,v,B1
comunista,adj,B1
preliminare,adj,B1
singolo,n,B1
benissimo,adv,B1
albergo,n,B1
arricchire,v,B1
ostacolo,n,B1
inventare,v,B1
stima,n,B1
mattino,n,B1
Padova,np,B1
disegnare,v,B1
principalmente,adv,B1
carcere,n,B1
quotidiano,n,B1
donare,v,B1
minacciare,v,B1
elencare,v,B1
amicizia,n,B1
punta,n,B1
camminare,v,B1
assicurazione,n,B1
riga,n,B1
consumare,v,B1
accoglienza,n,B1
catena,n,B1
paesaggio,n,B1
schermo,n,B1
figurare,v,B1
consorzio,n,B1
aspettativa,n,B1
sensibilità,n,B1
margine,n,B1
sognare,v,B1
treno,n,B1
veicolo,n,B1
protetto,adj,B1
spiegazione,n,B1
temporale,adj,B1
domandare,v,B1
coinvolgimento,n,B1
quindici,num,B1
partner,n,B1
classifica,n,B1
richiamo,n,B1
riservato,adj,B1
banda,n,B1
validità,n,B1
virtuale,adj,B1
comunicato,n,B1
lamentare,v,B1
frontiera,n,B1
profondamente,adv,B1
attrezzatura,n,B1
presiedere,v,B1
spirituale,adj,B1
tessuto,n,B1
dietro,prep,B1
circolo,n,B1
fantasia,n,B1
gamba,n,B1
lega,n,B1
ottica,n,B1
deposito,n,B1
fuga,n,B1
caduta,n,B1
qualifica,n,B1
sottosegretario,n,B1
rinvio,n,B1
installare,v,B1
esatto,adj,B1
sopra,prep,B1
quinto,adj,B1
signora,n,B1
piatto,n,B1
citazione,n,B1
impostazione,n,B1
annuo,adj,B1
mito,n,B1
curiosità,n,B1
compatibile,adj,B1
addetto,n,B1
dodici,num,B1
sacro,adj,B1
primavera,n,B1
perfino,adv,B1
presunto,adj,B1
comprensione,n,B1
alto,n,B1
biglietto,n,B1
espressamente,adv,B1
inchiesta,n,B1
ascolto,n,B1
improvviso,adj,B1
terribile,adj,B1
tariffa,n,B1
capello,n,B1
sebbene,adv,B1
divertente,adj,B1
coda,n,B1
bancario,adj,B1
triste,adj,B1
influenza,n,B1
abituare,v,B1
avversario,n,B1
intelligente,adj,B1
alunno,n,B1
esecutivo,adj,B1
delega,n,B1
metodologia,n,B1
correlare,v,B1
orario,adj,B1
volare,v,B1
governativo,adj,B1
Sardegna,np,B1
votazione,n,B1
agevolare,v,B1
poco,pron,B1
sinistro,adj,B1
delineare,v,B1
spagnolo,adj,B1
vice,n,B1
bagno,n,B1
temperatura,n,B1
sessanta,num,B1
magistrato,n,B1
disabile,adj,B1
reciproco,adj,B1
mensile,adj,B1
creativo,adj,B1
realmente,adv,B1
geografico,adj,B1
orientale,adj,B1
teorico,adj,B1
ammissione,n,B1
fuggire,v,B1
costa,n,B1
cena,n,B1
pista,n,B1
sorridere,v,B1
ordinanza,n,B1
trasparenza,n,B1
configurare,v,B1
luna,n,B1
cronaca,n,B1
terapia,n,B1
cinematografico,adj,B1
immigrazione,n,B1
blu,adj,B1
violare,v,B1
utilità,n,B1
prevalentemente,adv,B1
connettere,v,B1
nodo,n,B1
emissione,n,B1
certificato,n,B1
costume,n,B1
stadio,n,B1
regolarmente,adv,B1
diversamente,adv,B1
lento,adj,B1
concepire,v,B1
apprendimento,n,B1
sessuale,adj,B1
depositare,v,B1
finché,conj,B1
sonoro,adj,B1
dinamico,adj,B1
intitolare,v,B1
prescrivere,v,B1
solido,adj,B1
civico,adj,B1
esplicito,adj,B1
segreto,n,B1
battuta,n,B1
ultimo,n,B1
ricercare,v,B1
Cina,np,B1
benessere,n,B1
era,n,B1
resistere,v,B1
probabile,adj,B1
regia,n,B1
conforme,adj,B1
prescrizione,n,B1
aereo,adj,B1
destinatario,n,B1
riprodurre,v,B1
implicare,v,B1
cervello,n,B1
articolato,adj,B1
niente,pron,B1
promessa,n,B1
scattare,v,B1
sorella,n,B1
animare,v,B1
merce,n,B1
nave,n,B1
invio,n,B1
intorno,adv,B1
designare,v,B1
animo,n,B1
complessivamente,adv,B1
volontario,adj,B1
santa,n,B1
panorama,n,B1
attentato,n,B1
timore,n,B1
scambiare,v,B1
foglio,n,B1
ennesimo,adj,B1
intelligenza,n,B1
okay,n,B1
stabilità,n,B1
album,n,B1
sottile,adj,B1
farmaco,n,B1
arresto,n,B1
complessità,n,B1
volontariato,n,B1
attimo,n,B1
coerenza,n,B1
rapidamente,adv,B1
direttivo,adj,B1
fame,n,B1
generalmente,adv,B1
teatrale,adj,B1
accademico,adj,B1
licenza,n,B1
colui,pron,B1
sospetto,n,B1
presente,n,B1
annullare,v,B1
odierno,adj,B1
rinnovo,n,B1
concezione,n,B1
rappresentativo,adj,B1
rumore,n,B1
spiaggia,n,B1
volontario,n,B1
stringere,v,B1
suolo,n,B1
vicino,n,B1
allarme,n,B1
poeta,n,B1
soglia,n,B1
scritto,adj,B1
conversione,n,B1
pioggia,n,B1
identico,adj,B1
ampliare,v,B1
cinquanta,num,B1
udire,v,B1
referendum,n,B1
inquinamento,n,B1
carenza,n,B1
scadere,v,B1
oriente,n,B1
normalmente,adv,B1
sparare,v,B1
corrispondenza,n,B1
qualificato,adj,B1
convertire,v,B1
allievo,n,B1
prevalere,v,B1
salvaguardia,n,B1
nove,num,B1
consolidare,v,B1
inglese,n,B1
compilare,v,B1
revocare,v,B1
ditta,n,B1
trasportare,v,B1
mantenimento,n,B1
rimuovere,v,B1
raggiungimento,n,B1
fantastico,adj,B1
Piemonte,np,B1
graduatoria,n,B1
sciogliere,v,B1
influenzare,v,B1
intellettuale,adj,B1
saluto,n,B1
pane,n,B1
purché,conj,B1
ovvio,adj,B1
dito,n,B1
coincidere,v,B1
soccorso,n,B1
bandiera,n,B1
risparmiare,v,B1
verde,n,B1
diversità,n,B1
immigrato,n,B1
recitare,v,B1
distinzione,n,B1
abitudine,n,B1
parità,n,B1
fedele,adj,B1
provvisorio,adj,B1
pubblicitario,adj,B1
installazione,n,B1
tragedia,n,B1
reggere,v,B1
indipendentemente,adv,B1
fornitura,n,B1
efficiente,adj,B1
dotazione,n,B1
assurdo,adj,B1
ristrutturazione,n,B1
variare,v,B1
necessitare,v,B1
Parma,np,B1
limitazione,n,B1
gridare,v,B1
magico,adj,B1
mio,pron,B1
Calabria,np,B1
anziché,conj,B1
minoranza,n,B1
distruzione,n,B1
linguistico,adj,B1
occidente,n,B1
spettatore,n,B1
celebre,adj,B1
azzurro,adj,B1
tranne,prep,B1
dispositivo,n,B1
colloquio,n,B1
scorrere,v,B1
contestare,v,B1
mutare,v,B1
Inghilterra,np,B1
quarto,n,B1
stabilito,adj,B1
quesito,n,B1
ferro,n,B1
sussistere,v,B1
mail,n,B1
immenso,adj,B1
cooperativa,n,B1
saggio,adj,B1
povertà,n,B1
oggettivo,adj,B1
stanco,adj,B1
candidare,v,B1
coordinatore,n,B1
vestire,v,B1
circuito,n,B1
peggio,adv,B1
sorriso,n,B1
svolta,n,B1
inaugurare,v,B1
vitale,adj,B1
condizionare,v,B1
ritiro,n,B1
postale,adj,B1
contraddizione,n,B1
periodico,adj,B1
precedentemente,adv,B1
suggerimento,n,B1
potenziale,adj,B1
specializzazione,n,B1
energetico,adj,B1
applicabile,adj,B1
pesca,n,B1
elevare,v,B1
sorte,n,B1
indossare,v,B1
sereno,adj,B1
marcia,n,B1
meglio,n,B1
palla,n,B1
edilizio,adj,B1
concentrazione,n,B1
patologia,n,B1
fuori,prep,B1
sesto,adj,B1
bosco,n,B1
preghiera,n,B1
incrementare,v,B1
parete,n,B1
riempire,v,B1
chiarimento,n,B1
ricavare,v,B1
raccomandare,v,B1
affidamento,n,B1
accessibile,adj,B1
superamento,n,B1
fallimento,n,B1
suo,pron,B1
simpatico,adj,B1
sfera,n,B1
verbale,adj,B1
patria,n,B1
fotografico,adj,B1
corto,adj,B1
visitatore,n,B1
insediamento,n,B1
sacco,n,B1
inevitabile,adj,B1
diploma,n,B1
orizzonte,n,B1
modesto,adj,B1
tuttora,adv,B1
esperimento,n,B1
trattativa,n,B1
identificazione,n,B1
sostenibile,adj,B1
Natale,n,B1
navigazione,n,B1
limitato,adj,B1
galleria,n,B1
varietà,n,B1
motivare,v,B1
docente,adj,B1
statistico,adj,B1
spedire,v,B1
indagare,v,B1
provenienza,n,B1
rimandare,v,B1
dovuto,adj,B1
inizialmente,adv,B1
compenso,n,B1
quattro,num,B1
dimostrazione,n,B1
scatenare,v,B1
clinico,adj,B1
familiare,n,B1
prevenire,v,B1
viale,n,B1
parente,n,B1
abbassare,v,B1
formulazione,n,B1
vescovo,n,B1
arabo,adj,B1
inverno,n,B1
eroe,n,B1
studioso,n,B1
raggio,n,B1
sciopero,n,B1
misto,adj,B1
scienziato,n,B1
contento,adj,B1
notturno,adj,B1
es.,abb,B1
accendere,v,B1
cinese,adj,B1
accennare,v,B1
abuso,n,B1
dipendenza,n,B1
piacevole,adj,B1
strumentale,adj,B1
talmente,adv,B1
pacchetto,n,B1
testimone,n,B1
solare,adj,B1
prestito,n,B1
sopportare,v,B1
anziano,adj,B1
piattaforma,n,B1
cittadino,adj,B1
fabbrica,n,B1
dispiacere,v,B1
rubare,v,B1
mappa,n,B1
molteplice,adj,B1
islamico,adj,B1
sequenza,n,B1
vantare,v,B1
droga,n,B1
sacrificio,n,B1
giallo,adj,B1
annuncio,n,B1
espresso,adj,B1
ingegnere,n,B1
tour,for,B1
rivestire,v,B1
spunto,n,B1
constatare,v,B1
sostitutivo,adj,B1
tragico,adj,B1
abilità,n,B1
automaticamente,adv,B1
riposo,n,B1
stimare,v,B1
consigliere,n,B1
dominio,n,B1
sopravvivere,v,B1
salto,n,B1
cellula,n,B1
dono,n,B1
contabile,adj,B1
razza,n,B1
lunghezza,n,B1
premiare,v,B1
barriera,n,B1
ipotizzare,v,B1
recensione,n,B1
fretta,n,B1
competizione,n,B1
calare,v,B1
meraviglioso,adj,B1
didattica,n,B1
cima,n,B1
britannico,adj,B1
aereo,n,B1
laddove,conj,B1
sconfiggere,v,B1
avvenimento,n,B1
liberamente,adv,B1
continuamente,adv,B1
scappare,v,B1
separato,adj,B1
rifare,v,B1
immobile,n,B1
anticipo,n,B1
funzionalità,n,B1
sorprendere,v,B1
bomba,n,B1
qualificazione,n,B1
entusiasmo,n,B1
svegliare,v,B1
interrogare,v,B1
santo,n,B1
lottare,v,B1
tanto,adj,B1
confondere,v,B1
incertezza,n,B1
domestico,adj,B1
rito,n,B1
riproduzione,n,B1
pianificazione,n,B1
cavaliere,n,B1
riassumere,v,B1
generico,adj,B1
rigido,adj,B1
trascinare,v,B1
difficilmente,adv,B1
grazia,n,B1
nonostante,conj,B1
cantiere,n,B1
legittimità,n,B1
pregiudizio,n,B1
alimentazione,n,B1
sommare,v,B1
precedente,n,B1
dettagliato,adj,B1
orecchio,n,B1
settimanale,adj,B1
server,for,B1
sportello,n,B1
procura,n,B1
signorina,n,B1
domattina,adv,B1
bravo,int,B1
cosa,pron,B1
grillo,n,B1
vicino,adv,B1
zucchino,n,B1
dimostrante,n,B1
freddo,n,B1
laggiù,adv,B1
massaggio,n,B1
morto,n,B1
neppure,conj,B1
Belgrado,np,B1
Capri,np,B1
cardiaco,adj,B1
cellulite,n,B1
così,conj,B1
immateriale,adj,B1
in mezzo a,prep,B1
in seguito a,prep,B1
pertanto,n,B1
portiere,n,B1
preso,adj,B1
quanto,det,B1
stufa,n,B1
violentare,v,B1
applaudire,v,B1
bistecca,n,B1
commuovere,v,B1
mancia,n,B1
marciare,v,B1
offensiva,n,B1
preoccupato,adj,B1
scudetto,n,B1
Ungheria,np,B1
Unione Sovietica,np,B1
a caso,adv,B1
al posto di,prep,B1
attaccante,n,B1
camion,n,B1
Cile,np,B1
diplomatico,n,B1
falegname,n,B1
fidanzato,n,B1
filiale,n,B1
giurista,n,B1
invece di,prep,B1
lontano da,prep,B1
mobile,n,B1
pignorare,v,B1
rame,n,B1
rivalutazione,n,B1
sino a,prep,B1
tangente,n,B1
Zurigo,np,B1
a disposizione,adv,B1
al di sotto di,prep,B1
autista,n,B1
azzurro,n,B1
ceramica,n,B1
circa,prep,B1
civile,n,B1
corrispondente,n,B1
debutto,n,B1
dopo che,conj,B1
investigatore,n,B1
lastra,n,B1
parroco,n,B1
per sempre,adv,B1
quadro,adj,B1
ragioniere,n,B1
rosa,n,B1
sterlina,n,B1
barile,n,B1
colosso,n,B1
costituente,adj,B1
duomo,n,B1
EQUIVOCO,n,B1
fisco,n,B1
Francoforte,np,B1
fulmine,n,B1
genocidio,n,B1
gorilla,n,B1
in effetti,adv,B1
incasso,n,B1
latte,n,B1
match,n,B1
meccanico,n,B1
meno,adj,B1
portafoglio,n,B1
pugile,n,B1
rapina,n,B1
round,n,B1
significatività,n,B1
Stoccolma,np,B1
straordinario,n,B1
striscione,n,B1
tavolino,n,B1
a fianco,adv,B2
acceleratore,n,B2
accorrere,v,B2
affiorare,v,B2
affluire,v,B2
affrettare,v,B2
AIDS,n,B2
al fine di,prep,B2
annegare,v,B2
aperto,n,B2
ascesa,n,B2
boicottare,v,B2
Brianza,np,B2
calmo,adj,B2
chimica,n,B2
clan,n,B2
clandestino,n,B2
colonnello,n,B2
compratore,n,B2
confisca,n,B2
consolato,n,B2
contante,n,B2
convivente,n,B2
corridore,n,B2
cuoio,n,B2
danese,adj,B2
decollare,v,B2
desktop,n,B2
detto,adj,B2
dietro a,prep,B2
distintamente,adv,B2
ecologista,n,B2
elettricista,n,B2
embargo,n,B2
fatale,adj,B2
frana,n,B2
franco,adj,B2
frantumare,v,B2
frigorifero,n,B2
giacere,v,B2
gonfiare,v,B2
grafico,n,B2
grattacielo,n,B2
imbarcare,v,B2
in fretta,adv,B2
in seguito,adv,B2
incatenare,v,B2
inchiodare,v,B2
leader,adj,B2
maresciallo,n,B2
meno,n,B2
metropoli,n,B2
motorino,n,B2
motoscafo,n,B2
notiziario,n,B2
olocausto,n,B2
pacifista,n,B2
parata,n,B2
pattuglia,n,B2
per di più,adv,B2
perché,n,B2
pneumatico,n,B2
pomeridiano,adj,B2
Praga,np,B2
proiettile,n,B2
punk,n,B2
quasi,conj,B2
razziale,adj,B2
redditività,n,B2
respirazione,n,B2
ricamare,v,B2
riflettore,n,B2
ritrovamento,n,B2
bruciare,v,B2
lago,n,B2
collezione,n,B2
degno,adj,B2
sconfitta,n,B2
peccato,n,B2
criticare,v,B2
handicap,n,B2
Russia,np,B2
documentare,v,B2
menu,n,B2
misterioso,adj,B2
greco,adj,B2
tetto,n,B2
Israele,np,B2
reparto,n,B2
altrove,adv,B2
danza,n,B2
impostare,v,B2
oscuro,adj,B2
predisposizione,n,B2
costantemente,adv,B2
operaio,n,B2
alleanza,n,B2
ampiamente,adv,B2
punire,v,B2
ala,n,B2
magistratura,n,B2
banco,n,B2
globalizzazione,n,B2
maschile,adj,B2
bambina,n,B2
turista,n,B2
reagire,v,B2
versamento,n,B2
deroga,n,B2
appoggio,n,B2
permanenza,n,B2
portatore,n,B2
multimediale,adj,B2
itinerario,n,B2
editore,adj,B2
capolavoro,n,B2
blog,n,B2
gravità,n,B2
confusione,n,B2
sapore,n,B2
puntuale,adj,B2
chiamata,n,B2
transitorio,adj,B2
viso,n,B2
Giappone,np,B2
rimborso,n,B2
trama,n,B2
alloggio,n,B2
liberazione,n,B2
canone,n,B2
Bretagna,np,B2
interazione,n,B2
mezzogiorno,n,B2
integrale,adj,B2
visivo,adj,B2
esaurire,v,B2
malato,n,B2
parzialmente,adv,B2
nutrire,v,B2
aeroporto,n,B2
catalogo,n,B2
truppa,n,B2
interprete,n,B2
mestiere,n,B2
profondità,n,B2
sfondo,n,B2
esibire,v,B2
specialistico,adj,B2
essenzialmente,adv,B2
spinta,n,B2
trattenere,v,B2
abbattere,v,B2
competere,v,B2
organico,n,B2
ufficialmente,adv,B2
Pisa,np,B2
escluso,adj,B2
prestigioso,adj,B2
viceversa,adv,B2
separazione,n,B2
istante,n,B2
indipendenza,n,B2
eccesso,n,B2
dinamica,n,B2
attirare,v,B2
sessione,n,B2
spostamento,n,B2
record,n,B2
artificiale,adj,B2
accademia,n,B2
montare,v,B2
appartamento,n,B2
americano,n,B2
secco,adj,B2
prioritario,adj,B2
Francese,n,B2
criminale,adj,B2
stupire,v,B2
coalizione,n,B2
giustamente,adv,B2
qualificare,v,B2
ruota,n,B2
portale,n,B2
fondatore,n,B2
pilota,n,B2
approfittare,v,B2
scritta,n,B2
federale,adj,B2
indennità,n,B2
correttamente,adv,B2
ferroviario,adj,B2
specialista,n,B2
dottrina,n,B2
ripartizione,n,B2
musicista,n,B2
percezione,n,B2
pesare,v,B2
odio,n,B2
visualizzare,v,B2
inedito,adj,B2
precisione,n,B2
apparentemente,adv,B2
edilizia,n,B2
perduto,adj,B2
meridionale,adj,B2
leva,n,B2
asilo,n,B2
spegnere,v,B2
amante,n,B2
marketing,n,B2
spontaneo,adj,B2
architettonico,adj,B2
gentile,adj,B2
impossibilità,n,B2
omogeneo,adj,B2
vetro,n,B2
materno,adj,B2
Campania,np,B2
unicamente,adv,B2
flessibilità,n,B2
deciso,adj,B2
ammirare,v,B2
copyright,n,B2
genetico,adj,B2
seno,n,B2
catturare,v,B2
abbandono,n,B2
supremo,adj,B2
conquista,n,B2
divino,adj,B2
stampare,v,B2
polvere,n,B2
procurare,v,B2
ufficiale,n,B2
pranzo,n,B2
ospite,n,B2
eterno,adj,B2
marchio,n,B2
manovra,n,B2
contemplare,v,B2
imprenditoriale,adj,B2
castello,n,B2
pulito,adj,B2
sparire,v,B2
liceo,n,B2
erba,n,B2
impero,n,B2
assorbire,v,B2
mescolare,v,B2
torre,n,B2
miracolo,n,B2
accrescere,v,B2
apporto,n,B2
innamorare,v,B2
completamento,n,B2
giapponese,adj,B2
narrare,v,B2
retribuzione,n,B2
affascinante,adj,B2
saggio,n,B2
eliminazione,n,B2
ospedaliero,adj,B2
informatica,n,B2
delegazione,n,B2
continente,n,B2
abito,n,B2
malgrado,adv,B2
allestire,v,B2
competitivo,adj,B2
bacino,n,B2
sistematico,adj,B2
Romagna,np,B2
FALSO,n,B2
scusa,n,B2
cento,num,B2
vigile,n,B2
elettore,n,B2
abbracciare,v,B2
previdenza,n,B2
fumo,n,B2
qualitativo,adj,B2
articolazione,n,B2
statistica,n,B2
rigore,n,B2
esplodere,v,B2
rock,n,B2
eccellenza,n,B2
diminuzione,n,B2
manifesto,n,B2
aggiunta,n,B2
proclamare,v,B2
illuminare,v,B2
vigere,v,B2
intensità,n,B2
organizzato,adj,B2
nucleare,adj,B2
classificare,v,B2
ideologico,adj,B2
nobile,adj,B2
prassi,n,B2
cerimonia,n,B2
meccanico,adj,B2
povero,n,B2
moltiplicare,v,B2
band,n,B2
animazione,n,B2
risiedere,v,B2
vincitore,n,B2
barca,n,B2
leggermente,adv,B2
terapeutico,adj,B2
uovo,n,B2
lentamente,adv,B2
regno,n,B2
triennale,adj,B2
talento,n,B2
tematico,adj,B2
delitto,n,B2
semplificare,v,B2
simbolico,adj,B2
discriminazione,n,B2
danneggiare,v,B2
trascurare,v,B2
calore,n,B2
africano,adj,B2
sopprimere,v,B2
insegna,n,B2
insufficiente,adj,B2
neve,n,B2
espansione,n,B2
affetto,n,B2
proiezione,n,B2
editoriale,adj,B2
ramo,n,B2
libreria,n,B2
ebbene,adv,B2
divertimento,n,B2
premere,v,B2
razionale,adj,B2
trasparente,adj,B2
autunno,n,B2
logico,adj,B2
strage,n,B2
autostrada,n,B2
incoraggiare,v,B2
coltivare,v,B2
laico,adj,B2
ricetta,n,B2
lavorazione,n,B2
foresta,n,B2
gratuitamente,adv,B2
ammontare,n,B2
coro,n,B2
rientro,n,B2
sosta,n,B2
condotta,n,B2
artigianato,n,B2
Siena,np,B2
villa,n,B2
ferire,v,B2
matematico,adj,B2
vicepresidente,n,B2
augurio,n,B2
ridotto,adj,B2
invocare,v,B2
ragionare,v,B2
lino,adj,B2
distretto,n,B2
specchio,n,B2
russo,adj,B2
rabbia,n,B2
pazienza,n,B2
rivisto,adj,B2
club,n,B2
assegno,n,B2
parcheggio,n,B2
unico,n,B2
omicidio,n,B2
lancio,n,B2
India,n,B2
rilevazione,n,B2
levare,v,B2
attorno,prep,B2
legislatore,n,B2
business,n,B2
ampliamento,n,B2
bollettino,n,B2
certificare,v,B2
calo,n,B2
attualità,n,B2
mutamento,n,B2
assolvere,v,B2
caffè,n,B2
severo,adj,B2
etichetta,n,B2
elegante,adj,B2
anello,n,B2
meta,n,B2
accontentare,v,B2
immergere,v,B2
restante,adj,B2
incrociare,v,B2
luminoso,adj,B2
culto,n,B2
omaggio,n,B2
vuoto,adj,B2
diario,n,B2
umanitario,adj,B2
filosofico,adj,B2
gatto,n,B2
denominazione,n,B2
motivato,adj,B2
deliberare,v,B2
master,n,B2
abrogare,v,B2
immobile,adj,B2
soggettivo,adj,B2
bimbo,n,B2
animale,adj,B2
collocazione,n,B2
menzionare,v,B2
schierare,v,B2
passivo,adj,B2
staccare,v,B2
profitto,n,B2
Catania,np,B2
maturo,adj,B2
salvaguardare,v,B2
odiare,v,B2
metropolitano,adj,B2
sfruttamento,n,B2
dubbio,adj,B2
fiera,n,B2
ugualmente,adv,B2
giornaliero,adj,B2
atleta,n,B2
probabilità,n,B2
bacio,n,B2
cittadina,n,B2
Puglia,np,B2
orale,adj,B2
originale,n,B2
pulizia,n,B2
militare,n,B2
assicurativo,adj,B2
respiro,n,B2
status,n,B2
autorevole,adj,B2
stanziamento,n,B2
sondaggio,n,B2
nozione,n,B2
assente,adj,B2
felicità,n,B2
delegato,n,B2
variabile,adj,B2
valle,n,B2
ideale,n,B2
disturbo,n,B2
musulmano,adj,B2
stipendio,n,B2
vivente,adj,B2
paradiso,n,B2
indiretto,adj,B2
moneta,n,B2
millennio,n,B2
fiero,adj,B2
collina,n,B2
Svizzera,np,B2
avvolgere,v,B2
Mediterraneo,np,B2
beneficiare,v,B2
discreto,adj,B2
tiro,n,B2
rigoroso,adj,B2
sapere,n,B2
riflesso,n,B2
preferenza,n,B2
accettazione,n,B2
manuale,n,B2
est,n,B2
competitività,n,B2
convinto,adj,B2
ingegneria,n,B2
nostro,pron,B2
difensore,n,B2
pausa,n,B2
inoltrare,v,B2
adeguatamente,adv,B2
creatura,n,B2
festeggiare,v,B2
dose,n,B2
diplomatico,adj,B2
monumento,n,B2
conseguentemente,adv,B2
ricadere,v,B2
configurazione,n,B2
comprensivo,adj,B2
perso,adj,B2
dramma,n,B2
vocazione,n,B2
leggenda,n,B2
verbale,n,B2
prevalente,adj,B2
dichiarato,adj,B2
naso,n,B2
anonimo,adj,B2
aggiornato,adj,B2
equivalere,v,B2
rosa,adj,B2
ragionevole,adj,B2
approfondito,adj,B2
controversia,n,B2
precisamente,adv,B2
sviluppato,adj,B2
convivenza,n,B2
conosciuto,adj,B2
frazione,n,B2
foglia,n,B2
fascino,n,B2
rurale,adj,B2
dente,n,B2
archeologico,adj,B2
lacrima,n,B2
spedizione,n,B2
conclusivo,adj,B2
estraneo,adj,B2
gamma,n,B2
alimento,n,B2
costruttivo,adj,B2
proiettare,v,B2
centrale,n,B2
quaranta,num,B2
cellulare,n,B2
eccellente,adj,B2
hotel,n,B2
isolare,v,B2
coppa,n,B2
curriculum,n,B2
laureare,v,B2
sbagliato,adj,B2
sistemare,v,B2
latino,adj,B2
Bolzano,np,B2
concorrente,adj,B2
comandante,n,B2
costoso,adj,B2
parallelo,adj,B2
periferico,adj,B2
conseguimento,n,B2
unitamente,adv,B2
capitano,n,B2
scoppiare,v,B2
sincero,adj,B2
Perugia,np,B2
poetico,adj,B2
accumulare,v,B2
iracheno,adj,B2
pellicola,n,B2
ecologico,adj,B2
semplificazione,n,B2
stimolo,n,B2
mossa,n,B2
esaltare,v,B2
telefonare,v,B2
posteriore,adj,B2
ansia,n,B2
tracciare,v,B2
condivisione,n,B2
massiccio,adj,B2
crimine,n,B2
nudo,adj,B2
tacere,v,B2
sintetico,adj,B2
estetico,adj,B2
tasca,n,B2
festival,n,B2
altrettanto,adj,B2
estrarre,v,B2
sonno,n,B2
parlamentare,n,B2
classificazione,n,B2
ragionamento,n,B2
respirare,v,B2
sopravvivenza,n,B2
illusione,n,B2
tenuta,n,B2
liberale,adj,B2
curioso,adj,B2
rubrica,n,B2
creatività,n,B2
scarpa,n,B2
solitudine,n,B2
munire,v,B2
rivendicare,v,B2
inevitabilmente,adv,B2
esplicitamente,adv,B2
Asia,np,B2
osare,v,B2
telecomunicazione,n,B2
gratis,adv,B2
armonia,n,B2
procuratore,n,B2
svelare,v,B2
tradire,v,B2
dominante,adj,B2
punteggio,n,B2
supporre,v,B2
pazzo,adj,B2
variante,n,B2
salvezza,n,B2
grandezza,n,B2
tifoso,n,B2
alba,n,B2
perplessità,n,B2
esigere,v,B2
degradare,v,B2
invadere,v,B2
pasta,n,B2
ferita,n,B2
disturbare,v,B2
pasto,n,B2
risarcimento,n,B2
lavare,v,B2
terrestre,adj,B2
sentiero,n,B2
prenotazione,n,B2
quadrato,adj,B2
celebrazione,n,B2
scuro,adj,B2
illegale,adj,B2
etnico,adj,B2
sistemazione,n,B2
periferia,n,B2
sacerdote,n,B2
complementare,adj,B2
cognome,n,B2
spuntare,v,B2
scherzare,v,B2
udienza,n,B2
disperato,adj,B2
pittura,n,B2
sorveglianza,n,B2
performance,n,B2
indicatore,n,B2
croce,n,B2
maglia,n,B2
singolare,adj,B2
improvvisamente,adv,B2
incerto,adj,B2
super,adj,B2
remoto,adj,B2
volentieri,adv,B2
ballo,n,B2
angelo,n,B2
nascosto,adj,B2
spezzare,v,B2
stavolta,adv,B2
incidenza,n,B2
interiore,adj,B2
mediterraneo,adj,B2
lieve,adj,B2
interrogazione,n,B2
flessibile,adj,B2
accelerare,v,B2
vincolare,v,B2
educare,v,B2
stendere,v,B2
disoccupazione,n,B2
dimissione,n,B2
mediazione,n,B2
sintomo,n,B2
frutta,n,B2
rotondo,adj,B2
design,n,B2
appositamente,adv,B2
automobile,n,B2
scomparsa,n,B2
residenziale,adj,B2
orgoglio,n,B2
portavoce,n,B2
equo,adj,B2
impulso,n,B2
consistenza,n,B2
mostro,n,B2
incendio,n,B2
urlare,v,B2
roba,n,B2
debolezza,n,B2
vincitore,adj,B2
vestito,n,B2
collo,n,B2
velocemente,adv,B2
rimedio,n,B2
vicinanza,n,B2
asse,n,B2
ideologia,n,B2
compromesso,n,B2
stabilimento,n,B2
smentire,v,B2
asta,n,B2
tardo,adj,B2
annualmente,adv,B2
cm,abb,B2
centimetro,n,B2
numerico,adj,B2
psicologia,n,B2
esplosione,n,B2
capoluogo,n,B2
settimo,adj,B2
appassionato,n,B2
forestale,adj,B2
navigare,v,B2
critico,n,B2
occupazionale,adj,B2
allungare,v,B2
fama,n,B2
genio,n,B2
Grecia,np,B2
dotato,adj,B2
spettacolare,adj,B2
regolamentazione,n,B2
soddisfatto,adj,B2
versante,n,B2
attrarre,v,B2
settanta,num,B2
seme,n,B2
petrolio,n,B2
osso,n,B2
consultivo,adj,B2
diagnosi,n,B2
cessione,n,B2
Brasile,np,B2
terrore,n,B2
proporzione,n,B2
buio,n,B2
compromettere,v,B2
Porto,np,B2
riaprire,v,B2
centrare,v,B2
incentivo,n,B2
caricare,v,B2
consueto,adj,B2
carità,n,B2
largo,n,B2
politico,n,B2
rottura,n,B2
perdonare,v,B2
network,n,B2
Berlino,np,B2
dedurre,v,B2
legittimare,v,B2
porzione,n,B2
telefonata,n,B2
varare,v,B2
incapace,adj,B2
chitarra,n,B2
essenza,n,B2
censura,n,B2
staff,n,B2
piegare,v,B2
architetto,n,B2
filosofo,n,B2
circolare,v,B2
ostacolare,v,B2
testata,n,B2
adoperare,v,B2
dipingere,v,B2
lupo,n,B2
aggirare,v,B2
contestazione,n,B2
ricominciare,v,B2
convocazione,n,B2
prefetto,n,B2
appropriato,adj,B2
stasera,adv,B2
quantitativo,adj,B2
fregare,v,B2
resoconto,n,B2
rivoluzionario,adj,B2
clausola,n,B2
ispirazione,n,B2
colpevole,adj,B2
scandalo,n,B2
amica,n,B2
presidio,n,B2
palco,n,B2
anteriore,adj,B2
compimento,n,B2
agenda,n,B2
rotta,n,B2
adorare,v,B2
mortale,adj,B2
collettività,n,B2
fiamma,n,B2
altamente,adv,B2
presupporre,v,B2
Marche,np,B2
disastro,n,B2
restauro,n,B2
strutturare,v,B2
idoneità,n,B2
solitamente,adv,B2
consulente,n,B2
ricondurre,v,B2
sfiorare,v,B2
odore,n,B2
strappare,v,B2
burocratico,adj,B2
intellettuale,n,B2
notevolmente,adv,B2
accettabile,adj,B2
consecutivo,adj,B2
vangelo,n,B2
indiano,adj,B2
relazionare,v,B2
invenzione,n,B2
seriamente,adv,B2
quotidianamente,adv,B2
fumetto,n,B2
cessazione,n,B2
papà,n,B2
appassionato,adj,B2
notificare,v,B2
sinceramente,adv,B2
fumare,v,B2
caratteristico,adj,B2
contraddittorio,adj,B2
ricevimento,n,B2
attrice,n,B2
inseguire,v,B2
comprensibile,adj,B2
terrorista,n,B2
pregio,n,B2
colorato,adj,B2
mila,,B2
autobus,n,B2
doloroso,adj,B2
letteralmente,adv,B2
innanzi,prep,B2
virus,n,B2
equilibrato,adj,B2
nervoso,adj,B2
star,n,B2
cacciare,v,B2
interruzione,n,B2
intermedio,adj,B2
ironia,n,B2
magia,n,B2
batteria,n,B2
combinare,v,B2
storico,n,B2
spaziale,adj,B2
impiegato,n,B2
deserto,n,B2
visibilità,n,B2
interlocutore,n,B2
pretesa,n,B2
spada,n,B2
puntata,n,B2
fallire,v,B2
strato,n,B2
sommario,adj,B2
fingere,v,B2
candidatura,n,B2
accurato,adj,B2
sufficientemente,adv,B2
rovinare,v,B2
regalo,n,B2
rassicurare,v,B2
liquidazione,n,B2
stupendo,adj,B2
scorta,n,B2
maturità,n,B2
progressivamente,adv,B2
lesione,n,B2
compensare,v,B2
cerchio,n,B2
esecutivo,n,B2
interpretativo,adj,B2
bibliografia,n,B2
stesura,n,B2
differenziare,v,B2
assistente,n,B2
discendere,v,B2
semplicità,n,B2
malato,adj,B2
impegnativo,adj,B2
bottiglia,n,B2
commedia,n,B2
combinazione,n,B2
invisibile,adj,B2
privilegio,n,B2
cenno,n,B2
pittore,n,B2
esplorare,v,B2
ebraico,adj,B2
adattamento,n,B2
eredità,n,B2
confuso,adj,B2
mirato,adj,B2
coraggioso,adj,B2
offendere,v,B2
domicilio,n,B2
emotivo,adj,B2
nonno,n,B2
cantante,n,B2
posizionare,v,B2
dannoso,adj,B2
cruciale,adj,B2
badare,v,B2
apparecchio,n,B2
avanguardia,n,B2
orrore,n,B2
combattimento,n,B2
convivere,v,B2
verticale,adj,B2
gloria,n,B2
capogruppo,n,B2
sconosciuto,adj,B2
maschera,n,B2
Austria,np,B2
grigio,adj,B2
correzione,n,B2
poliziotto,n,B2
compatibilità,n,B2
ingrediente,n,B2
fine,adj,B2
indubbiamente,adv,B2
intrecciare,v,B2
ebreo,n,B2
omettere,v,B2
solidale,adj,B2
pacifico,adj,B2
traguardo,n,B2
benché,adv,B2
concretamente,adv,B2
precipitare,v,B2
tranquillamente,adv,B2
preoccupante,adj,B2
comandare,v,B2
unificato,adj,B2
prete,n,B2
conversazione,n,B2
Cagliari,np,B2
busta,n,B2
sentire,n,B2
sposo,n,B2
venti,num,B2
camomilla,n,B2
fotogramma,n,B2
mutande,n,B2
Sondrio,np,B2
zucca,n,B2
chirurgo,n,B2
cioccolato,n,B2
fieno,n,B2
formica,n,B2
minuto,adj,B2
paglia,n,B2
permesso,adj,B2
tè,n,B2
tocco,adj,B2
trapiantare,v,B2
volpe,n,B2
al contrario,adv,B2
alienazione,n,B2
ambulanza,n,B2
assassino,n,B2
atletica,n,B2
basso,n,B2
bidello,n,B2
bilancia,n,B2
cabina,n,B2
cauto,adj,B2
ciliegia,n,B2
cognata,n,B2
commissariato,n,B2
conte,n,B2
cronista,n,B2
diplomazia,n,B2
eccedenza,n,B2
economista,n,B2
elettricità,n,B2
forte,adv,B2
fucilare,v,B2
ginnastica,n,B2
in relazione a,prep,B2
infarto,n,B2
interferenza,n,B2
logicamente,adv,B2
lontano,adv,B2
lotteria,n,B2
maledetto,n,B2
massacrare,v,B2
missile,n,B2
Nazioni Unite,np,B2
negro,adj,B2
no,n,B2
oliare,v,B2
onorario,adj,B2
oscillazione,n,B2
P.E.,abb,B2
pizzeria,n,B2
poverino,adj,B2
prima,n,B2
privatizzare,v,B2
progressista,n,B2
RAI,abb,B2
reattore,n,B2
record,adj,B2
scetticismo,n,B2
scettico,adj,B2
seppellire,v,B2
stivale,n,B2
Sudafrica,np,B2
tassista,n,B2
taxi,n,B2
tutto,n,B2
verdetto,n,B2
veste,n,B2
zanna,n,B2
a proposito di,prep,B2
al di fuori di,prep,B2
amichevole,n,B2
antenna,n,B2
appena,conj,B2
assassinare,v,B2
australiano,adj,B2
botta,n,B2
brusco,adj,B2
cacao,n,B2
cancello,n,B2
cassaforte,n,B2
cintura,n,B2
cocaina,n,B2
coma,n,B2
congiuntura,n,B2
durevole,adj,B2
ecologista,adj,B2
ergastolo,n,B2
fino,adv,B2
g,n,B2
Gibilterra,np,B2
giusto,adv,B2
grasso,n,B2
in breve,adv,B2
in modo che,conj,B2
insistenza,n,B2
internazionalizzazione,n,B2
leggerezza,n,B2
lentezza,n,B2
Libia,np,B2
maggiore,n,B2
massima,n,B2
memoriale,n,B2
nel contempo,adv,B2
nel quadro di,prep,B2
nero,n,B2
nucleare,n,B2
nuvoloso,adj,B2
paralizzare,v,B2
partenariato,n,B2
passante,n,B2
patriottico,adj,B2
pedaggio,n,B2
piano,adv,B2
piazzale,n,B2
piccolo,n,B2
predecessore,n,B2
progressista,adj,B2
rivincita,n,B2
Serbia,np,B2
somigliare,v,B2
sussurrare,v,B2
svizzero,n,B2
tabù,n,B2
temporale,n,B2
tregua,n,B2
a meno che,conj,C1
abbondantemente,adv,C1
addebitare,v,C1
affittare,v,C1
affollare,v,C1
aggettivo,n,C1
al di sopra di,prep,C1
alimentare,n,C1
alleggerire,v,C1
allora,adj,C1
assemblare,v,C1
bancario,n,C1
banchiere,n,C1
barbone,n,C1
battezzare,v,C1
blitz,n,C1
bruscamente,adv,C1
burocrazia,n,C1
bussare,v,C1
cannone,n,C1
caro,n,C1
cespuglio,n,C1
ciclismo,n,C1
cinghiale,n,C1
Cisgiordania,np,C1
collisione,n,C1
colorare,v,C1
comicità,n,C1
commentatore,n,C1
coniglio,n,C1
coscia,n,C1
crociera,n,C1
culminare,v,C1
custode,n,C1
dilagare,v,C1
disseminare,v,C1
dittatore,n,C1
divano,n,C1
dopodomani,adv,C1
durezza,n,C1
elica,n,C1
Eolie,np,C1
esercente,n,C1
euforia,n,C1
evaso,n,C1
fine settimana,n,C1
finito,adj,C1
fischio,n,C1
frumento,n,C1
frustrazione,n,C1
garage,n,C1
gel,n,C1
generalizzare,v,C1
ghetto,n,C1
gita,n,C1
golf,n,C1
grazie,n,C1
guanto,n,C1
imbarcazione,n,C1
impotenza,n,C1
in avanti,adv,C1
infermiere,n,C1
interminabile,adj,C1
intervistare,v,C1
intrappolare,v,C1
irresponsabile,adj,C1
irritazione,n,C1
leadership,n,C1
lecito,adj,C1
macchinista,n,C1
maestoso,adj,C1
mai più,adv,C1
maledetto,adj,C1
management,n,C1
manganello,n,C1
miliardario,adj,C1
Norvegia,np,C1
nulla,n,C1
ordinazione,n,C1
orribile,adj,C1
ossessione,n,C1
ostaggio,n,C1
ottimista,adj,C1
palloncino,n,C1
pantaloni,n,C1
pareggio,n,C1
partitura,n,C1
piccione,n,C1
piega,n,C1
pietoso,adj,C1
popolarità,n,C1
posa,n,C1
predire,v,C1
preside,n,C1
prima che,conj,C1
problematica,n,C1
prognosi,n,C1
prudente,adj,C1
radicale,n,C1
rapinatore,n,C1
registratore,n,C1
ribelle,adj,C1
rilassamento,n,C1
rinforzare,v,C1
rissa,n,C1
rozzo,adj,C1
rugby,n,C1
sale,n,C1
salvo,prep,C1
sbocco,n,C1
scartare,v,C1
scisma,n,C1
scoglio,n,C1
segretaria,n,C1
set,n,C1
Shanghai,np,C1
show,n,C1
socialdemocratico,adj,C1
socialismo,n,C1
soffitto,n,C1
sospetto,adj,C1
spengere,v,C1
spesso,adj,C1
spia,n,C1
statale,n,C1
stoffa,n,C1
tabacco,n,C1
telegiornale,n,C1
televisore,n,C1
trapianto,n,C1
trofeo,n,C1
valanga,n,C1
valigia,n,C1
vano,n,C1
Vaticano,np,C1
vecchio,n,C1
veto,n,C1
villetta,n,C1
vitamina,n,C1
volante,n,C1
arena,n,C1
armadio,n,C1
biscotto,n,C1
bugia,n,C1
buonasera,int,C1
candela,n,C1
cenare,v,C1
chinare,v,C1
commesso,n,C1
fascio,n,C1
filare,v,C1
furbo,adj,C1
grana,n,C1
indovinare,v,C1
lassù,adv,C1
merenda,n,C1
partorire,v,C1
pino,n,C1
pitturare,v,C1
ripagare,v,C1
rotella,n,C1
salvataggio,n,C1
scuderia,n,C1
seminario,n,C1
si,n,C1
slittare,v,C1
sostituto,adj,C1
Spalato,np,C1
spirale,n,C1
sponsorizzazione,n,C1
stampante,n,C1
strega,n,C1
suocera,n,C1
suora,n,C1
tale,pron,C1
tanto,conj,C1
tanto,n,C1
tanto è vero che,conj,C1
tattico,adj,C1
telespettatore,n,C1
terrorizzare,v,C1
tinta,n,C1
tivù,n,C1
Tolone,np,C1
Tolosa,np,C1
troppo,pron,C1
valutario,adj,C1
vespa,n,C1
marca,n,C1
Salerno,np,C1
follia,n,C1
uccello,n,C1
ballare,v,C1
profumo,n,C1
sconto,n,C1
accordare,v,C1
copertina,n,C1
mobilitazione,n,C1
ferito,n,C1
giustificazione,n,C1
buco,n,C1
proprietario,adj,C1
privacy,n,C1
positivamente,adv,C1
bicchiere,n,C1
paragrafo,n,C1
vincente,adj,C1
custodire,v,C1
igiene,n,C1
gol,n,C1
cellulare,adj,C1
fronteggiare,v,C1
specificità,n,C1
repertorio,n,C1
patrimoniale,adj,C1
peggio,adj,C1
maschio,adj,C1
ripensare,v,C1
fornitore,n,C1
affetto,adj,C1
determinante,adj,C1
ferrovia,n,C1
prevedibile,adj,C1
resa,n,C1
anzitutto,adv,C1
cornice,n,C1
intimo,adj,C1
novecento,num,C1
riva,n,C1
decadenza,n,C1
grido,n,C1
ritratto,n,C1
raccomandazione,n,C1
spessore,n,C1
terroristico,adj,C1
addio,n,C1
esportazione,n,C1
applauso,n,C1
eco,n,C1
incentrare,v,C1
avvisare,v,C1
legalità,n,C1
selezionato,adj,C1
contabilità,n,C1
invernale,adj,C1
calma,n,C1
orizzontale,adj,C1
onesto,adj,C1
rosso,n,C1
roccia,n,C1
ferie,n,C1
folla,n,C1
copiare,v,C1
convenzionale,adj,C1
racchiudere,v,C1
tempio,n,C1
ausilio,n,C1
protestare,v,C1
analitico,adj,C1
specialità,n,C1
prelevare,v,C1
vigilia,n,C1
rafforzamento,n,C1
privilegiato,adj,C1
fusione,n,C1
doppio,n,C1
rifugio,n,C1
repressione,n,C1
cattolico,n,C1
delegato,adj,C1
superficiale,adj,C1
sottovalutare,v,C1
socialista,adj,C1
diavolo,n,C1
pulire,v,C1
fascista,adj,C1
caldo,n,C1
matematica,n,C1
forno,n,C1
Egitto,np,C1
ideare,v,C1
fantasma,n,C1
proroga,n,C1
promozionale,adj,C1
pastore,n,C1
interagire,v,C1
notifica,n,C1
infilare,v,C1
etica,n,C1
generoso,adj,C1
cartaceo,adj,C1
innumerevole,adj,C1
Liguria,np,C1
marino,adj,C1
sottoscrizione,n,C1
formalmente,adv,C1
pugno,n,C1
icona,n,C1
medaglia,n,C1
ottimale,adj,C1
conoscitivo,adj,C1
interfaccia,n,C1
monetario,adj,C1
slogan,n,C1
distacco,n,C1
complimento,n,C1
sfidare,v,C1
dubitare,v,C1
giurare,v,C1
alleato,n,C1
lordo,adj,C1
lieto,adj,C1
marittimo,adj,C1
transizione,n,C1
confessare,v,C1
venditore,n,C1
scivolare,v,C1
criminalità,n,C1
amaro,adj,C1
stage,n,C1
discesa,n,C1
classico,n,C1
fabbisogno,n,C1
ridicolo,adj,C1
riposare,v,C1
gola,n,C1
vizio,n,C1
raccordo,n,C1
frenare,v,C1
favola,n,C1
contenitore,n,C1
propaganda,n,C1
inferno,n,C1
abbigliamento,n,C1
gravidanza,n,C1
fondato,adj,C1
monitorare,v,C1
salone,n,C1
miseria,n,C1
giovare,v,C1
vivace,adj,C1
facilità,n,C1
invasione,n,C1
uno,n,C1
prenotare,v,C1
preannunciare,v,C1
incominciare,v,C1
politicamente,adv,C1
sporco,adj,C1
commerciante,n,C1
insieme,prep,C1
imminente,adj,C1
residuo,adj,C1
inquietante,adj,C1
spiccare,v,C1
prigioniero,n,C1
accompagnamento,n,C1
parrocchia,n,C1
medievale,adj,C1
governatore,n,C1
deludere,v,C1
sceneggiatura,n,C1
cristiano,n,C1
svariato,adj,C1
tumore,n,C1
incapacità,n,C1
sigla,n,C1
scatola,n,C1
acuto,adj,C1
Australia,np,C1
europeo,n,C1
ripercorrere,v,C1
birra,n,C1
indifferente,adj,C1
clandestino,adj,C1
natale,adj,C1
parecchio,adv,C1
morbido,adj,C1
raramente,adv,C1
palestinese,adj,C1
accento,n,C1
manuale,adj,C1
fortunato,adj,C1
replica,n,C1
proporzionale,adj,C1
intuire,v,C1
inaugurazione,n,C1
ripristinare,v,C1
colmare,v,C1
credibile,adj,C1
Ancona,np,C1
psichico,adj,C1
israeliano,adj,C1
pescare,v,C1
inflazione,n,C1
teso,adj,C1
erede,n,C1
puramente,adv,C1
bicicletta,n,C1
sorgente,n,C1
formaggio,n,C1
sedia,n,C1
raffinato,adj,C1
silenzioso,adj,C1
semestre,n,C1
rileggere,v,C1
affitto,n,C1
allevamento,n,C1
regolarità,n,C1
opportunamente,adv,C1
influire,v,C1
penetrare,v,C1
successione,n,C1
palese,adj,C1
curva,n,C1
morale,n,C1
rodere,v,C1
abbondante,adj,C1
penna,n,C1
cartello,n,C1
meraviglia,n,C1
organizzatore,n,C1
delusione,n,C1
alterare,v,C1
multiplo,adj,C1
spaventare,v,C1
selvaggio,adj,C1
sabbia,n,C1
ricovero,n,C1
tolleranza,n,C1
attingere,v,C1
fondere,v,C1
variabile,n,C1
coniuge,n,C1
metallo,n,C1
ultimamente,adv,C1
carino,adj,C1
confidare,v,C1
Umbria,np,C1
inaccettabile,adj,C1
infantile,adj,C1
cuocere,v,C1
brillante,adj,C1
appassionare,v,C1
crollare,v,C1
abolire,v,C1
circostante,adj,C1
simpatia,n,C1
matrice,n,C1
carico,adj,C1
circoscrizione,n,C1
panno,n,C1
colazione,n,C1
tentazione,n,C1
genero,n,C1
aggressivo,adj,C1
ricezione,n,C1
grafica,n,C1
illustre,adj,C1
femmina,n,C1
allenatore,n,C1
utilizzabile,adj,C1
Olanda,np,C1
carro,n,C1
collocamento,n,C1
rilassare,v,C1
magazzino,n,C1
allargamento,n,C1
piano,adj,C1
Argentina,np,C1
produttività,n,C1
abbinare,v,C1
uniforme,adj,C1
apprezzamento,n,C1
piscina,n,C1
labbro,n,C1
litro,n,C1
database,n,C1
fastidio,n,C1
piovere,v,C1
sovietico,adj,C1
argomentazione,n,C1
riorganizzazione,n,C1
unanimità,n,C1
aderente,adj,C1
stop,n,C1
potenzialmente,adv,C1
fitto,adj,C1
scarico,n,C1
prelievo,n,C1
apparecchiatura,n,C1
allegro,adj,C1
ignoranza,n,C1
abbandonato,adj,C1
referente,adj,C1
complicare,v,C1
restituzione,n,C1
cartella,n,C1
macchia,n,C1
anniversario,n,C1
destro,adj,C1
Rimini,n,C1
guaio,n,C1
alquanto,adv,C1
porgere,v,C1
dote,n,C1
cardinale,n,C1
scuotere,v,C1
benzina,n,C1
rallentare,v,C1
aggravare,v,C1
ripristino,n,C1
liquidare,v,C1
attitudine,n,C1
inadeguato,adj,C1
realistico,adj,C1
ragazzino,n,C1
allenare,v,C1
imperatore,n,C1
ingiustizia,n,C1
correttezza,n,C1
riscuotere,v,C1
astratto,adj,C1
Turchia,np,C1
magnifico,adj,C1
periodicamente,adv,C1
brillare,v,C1
vergogna,n,C1
buono,n,C1
occupato,adj,C1
schieramento,n,C1
argento,n,C1
esemplare,adj,C1
affascinare,v,C1
allenamento,n,C1
vendetta,n,C1
salario,n,C1
omonimo,adj,C1
cronico,adj,C1
rinuncia,n,C1
fragile,adj,C1
ginocchio,n,C1
contrapporre,v,C1
finto,adj,C1
palestra,n,C1
pluriennale,adj,C1
furto,n,C1
moderato,adj,C1
pessimo,adj,C1
morto,adj,C1
incluso,adj,C1
spargere,v,C1
circolare,adj,C1
ammazzare,v,C1
gioventù,adv,C1
illuminazione,n,C1
romantico,adj,C1
canna,n,C1
zucchero,n,C1
artigiano,adj,C1
imputato,n,C1
oggetto,adj,C1
tranquillità,n,C1
sequestrare,v,C1
cattedra,n,C1
dialogare,v,C1
ospite,adj,C1
prato,n,C1
incubo,n,C1
paragonare,v,C1
clamoroso,adj,C1
stupido,adj,C1
rinnovamento,n,C1
tessera,n,C1
piazzare,v,C1
sconvolgere,v,C1
prigione,n,C1
preda,n,C1
Belgio,np,C1
imponente,adj,C1
deficit,n,C1
affondare,v,C1
intervallo,n,C1
agrario,adj,C1
libretto,n,C1
apparenza,n,C1
orchestra,n,C1
biografia,n,C1
percentuale,adj,C1
pronuncia,n,C1
costitutivo,adj,C1
hardware,n,C1
veneto,adj,C1
accessorio,n,C1
innescare,v,C1
aspirazione,n,C1
folle,adj,C1
tuo,adj,C1
tollerare,v,C1
contadino,n,C1
serio,n,C1
contenuto,adj,C1
abbraccio,n,C1
vegetale,adj,C1
cortile,n,C1
travolgere,v,C1
tramonto,n,C1
sbattere,v,C1
espulsione,n,C1
prestigio,n,C1
corridoio,n,C1
mentalità,n,C1
corruzione,n,C1
abbonamento,n,C1
serenità,n,C1
fiato,n,C1
apparente,adj,C1
giornalistico,adj,C1
prossimità,n,C1
rivelazione,n,C1
tasto,n,C1
compilazione,n,C1
zio,n,C1
escursione,n,C1
custodia,n,C1
conveniente,adj,C1
svizzero,adj,C1
adulto,n,C1
mafia,n,C1
domani,n,C1
abile,adj,C1
donazione,n,C1
gustare,v,C1
optare,v,C1
asiatico,adj,C1
collana,n,C1
sacrificare,v,C1
baciare,v,C1
casuale,adj,C1
coltivazione,n,C1
potenziale,n,C1
artigianale,adj,C1
isolamento,n,C1
siglare,v,C1
velo,n,C1
archiviare,v,C1
regina,n,C1
dopoguerra,n,C1
aliquota,n,C1
telecamera,n,C1
specifica,n,C1
tempestivamente,adv,C1
produttore,adj,C1
fotografare,v,C1
equivalente,adj,C1
illegittimo,adj,C1
distante,adj,C1
bozza,n,C1
giurisdizione,n,C1
obiezione,n,C1
dieta,n,C1
importazione,n,C1
irregolare,adj,C1
peculiarità,n,C1
peculiare,adj,C1
statua,n,C1
caos,n,C1
dimora,n,C1
accreditare,v,C1
greco,n,C1
nemico,adj,C1
nipote,n,C1
bandire,v,C1
incompatibile,adj,C1
esibizione,n,C1
fortunatamente,adv,C1
buio,adj,C1
obbiettivo,n,C1
stress,n,C1
ingiusto,adj,C1
borgo,n,C1
passeggero,n,C1
raddoppiare,v,C1
contribuente,n,C1
ammontare,v,C1
primato,n,C1
viabilità,n,C1
esemplare,n,C1
rimozione,n,C1
pietà,n,C1
petto,n,C1
corda,n,C1
annullamento,n,C1
integrità,n,C1
mattinata,n,C1
accessorio,adj,C1
complicato,adj,C1
golfo,n,C1
privatizzazione,n,C1
tributo,n,C1
gomma,n,C1
bocciare,v,C1
pallone,n,C1
negoziato,n,C1
kg,abb,C1
peggiorare,v,C1
esperto,adj,C1
acustico,adj,C1
eccedere,v,C1
riso,n,C1
stupefacente,adj,C1
undici,num,C1
cristianesimo,n,C1
passeggiata,n,C1
comunicativo,adj,C1
errato,adj,C1
militante,adj,C1
facciata,n,C1
metafora,n,C1
divisa,n,C1
sequestro,n,C1
attentamente,adv,C1
rettore,n,C1
multa,n,C1
adolescente,n,C1
Gerusalemme,np,C1
soddisfacente,adj,C1
filmato,n,C1
fedeltà,n,C1
denso,adj,C1
perfezione,n,C1
tempestivo,adj,C1
Friuli,np,C1
ambizione,n,C1
cast,n,C1
bevanda,n,C1
riabilitazione,n,C1
riscaldamento,n,C1
indirettamente,adv,C1
cadavere,n,C1
vigilare,v,C1
manifesto,adj,C1
attivamente,adv,C1
regolazione,n,C1
graduale,adj,C1
cattura,n,C1
improbabile,adj,C1
accostare,v,C1
orgoglioso,adj,C1
ghiaccio,n,C1
scontrare,v,C1
parco,adj,C1
amministrare,v,C1
esitare,v,C1
corteo,n,C1
multinazionale,n,C1
scultura,n,C1
verdura,n,C1
pertinente,adj,C1
schiacciare,v,C1
totalità,n,C1
satellite,n,C1
assimilare,v,C1
onorare,v,C1
scherzo,n,C1
posare,v,C1
ottanta,num,C1
immigrato,adj,C1
gigantesco,adj,C1
sigaretta,n,C1
illustrazione,n,C1
comodo,adj,C1
transito,n,C1
attrezzare,v,C1
torto,n,C1
consolare,v,C1
ruotare,v,C1
casella,n,C1
atto,adj,C1
fedele,n,C1
Mosca,np,C1
narrazione,n,C1
avanzato,adj,C1
periodico,n,C1
atmosferico,adj,C1
fascicolo,n,C1
Svezia,np,C1
convincente,adj,C1
informale,adj,C1
preventivamente,adv,C1
sprecare,v,C1
implicazione,n,C1
rinnovabile,adj,C1
compatto,adj,C1
economicamente,adv,C1
scatto,n,C1
nono,adj,C1
rinvenire,v,C1
rendimento,n,C1
gravemente,adv,C1
conservatore,n,C1
guadagno,n,C1
coesione,n,C1
frammento,n,C1
rigorosamente,adv,C1
tonnellata,n,C1
tristezza,n,C1
fetta,n,C1
filtro,n,C1
perfezionamento,n,C1
impronta,n,C1
cancro,n,C1
assomigliare,v,C1
cordiale,adj,C1
angoscia,n,C1
farmaceutico,adj,C1
paziente,adj,C1
plastica,n,C1
mille,n,C1
tastiera,n,C1
cella,n,C1
passeggiare,v,C1
pannello,n,C1
Livorno,np,C1
rovesciare,v,C1
orologio,n,C1
assalto,n,C1
Udine,np,C1
pepe,n,C1
riparare,v,C1
metallico,adj,C1
pagano,adj,C1
crollo,n,C1
urlo,n,C1
perfezionare,v,C1
cognitivo,adj,C1
affidabile,adj,C1
richiedente,n,C1
esercitazione,n,C1
disperazione,n,C1
risata,n,C1
schiena,n,C1
sponda,n,C1
settentrionale,adj,C1
abituale,adj,C1
conduzione,n,C1
padrone,n,C1
impazzire,v,C1
acciaio,n,C1
tomba,n,C1
lineare,adj,C1
focalizzare,v,C1
stagionale,adj,C1
dapprima,adv,C1
feroce,adj,C1
trionfo,n,C1
climatico,adj,C1
coincidenza,n,C1
interrogativo,n,C1
lucido,adj,C1
lusso,n,C1
largamente,adv,C1
vano,adj,C1
originare,v,C1
concorrente,n,C1
filtrare,v,C1
risanamento,n,C1
occhiata,n,C1
detenuto,n,C1
locazione,n,C1
ago,n,C1
fatturato,n,C1
foro,n,C1
mobilitare,v,C1
consolidamento,n,C1
restaurare,v,C1
dissenso,n,C1
vettura,n,C1
fascismo,n,C1
reclutamento,n,C1
pianura,n,C1
mensa,n,C1
confezione,n,C1
composto,adj,C1
atletico,adj,C1
anteprima,n,C1
browser,n,C1
contrarre,v,C1
innalzare,v,C1
adempiere,v,C1
celeste,adj,C1
regnare,v,C1
tortura,n,C1
credibilità,n,C1
sindrome,n,C1
contingente,n,C1
aspirare,v,C1
guarire,v,C1
ironico,adj,C1
declino,n,C1
detenzione,n,C1
sofisticato,adj,C1
bestia,n,C1
smaltimento,n,C1
pavimento,n,C1
contorno,n,C1
bontà,n,C1
aggressione,n,C1
termico,adj,C1
contadino,adj,C1
raffigurare,v,C1
attraverso,adv,C1
ratificare,v,C1
difensivo,adj,C1
torneo,n,C1
laterale,adj,C1
conciliare,v,C1
tecnicamente,adv,C1
distare,v,C1
attrazione,n,C1
chilo,n,C1
salita,n,C1
scavare,v,C1
stand,n,C1
comodo,n,C1
solitario,adj,C1
appunto,n,C1
banale,adj,C1
extracomunitario,adj,C1
paradosso,n,C1
segmento,n,C1
medioevo,n,C1
fisicamente,adv,C1
ritardare,v,C1
DVD,abb,C1
congiuntamente,adv,C1
russo,n,C1
contenimento,n,C1
alterazione,n,C1
rivolta,n,C1
applicato,adj,C1
bagaglio,n,C1
inesistente,adj,C1
uguaglianza,n,C1
atteso,adj,C1
olandese,adj,C1
sponsor,n,C1
maternità,n,C1
ambizioso,adj,C1
amato,adj,C1
complice,n,C1
supermercato,n,C1
ispettore,n,C1
cartone,n,C1
abolizione,n,C1
esportare,v,C1
terremoto,n,C1
console,n,C1
ingannare,v,C1
originalità,n,C1
evolutivo,adj,C1
accentuare,v,C1
mago,n,C1
pubblicamente,adv,C1
radicalmente,adv,C1
ovest,n,C1
sotterraneo,adj,C1
intravedere,v,C1
fattura,n,C1
infezione,n,C1
somministrazione,n,C1
indifferenza,n,C1
gioiello,n,C1
crudele,adj,C1
licenziare,v,C1
residuo,n,C1
ambasciatore,n,C1
Polonia,np,C1
alleato,adj,C1
differire,v,C1
monopolio,n,C1
chirurgia,n,C1
comunione,n,C1
riparo,n,C1
operatività,n,C1
ringraziamento,n,C1
gigante,n,C1
ricoverare,v,C1
originariamente,adv,C1
altrui,pron,C1
brevemente,adv,C1
impressionante,adj,C1
vetrina,n,C1
dittatura,n,C1
proibire,v,C1
pelo,n,C1
gerarchia,n,C1
restringere,v,C1
Abruzzo,np,C1
codificare,v,C1
grasso,adj,C1
socialmente,adv,C1
nazionalità,n,C1
possibilmente,adv,C1
raggiungibile,adj,C1
chiaro,adv,C1
sostenitore,n,C1
prosecuzione,n,C1
rotazione,n,C1
ettaro,n,C1
fisico,n,C1
prefettura,n,C1
storicamente,adv,C1
tirocinio,n,C1
voltare,v,C1
Pavia,np,C1
sovranità,n,C1
licenziamento,n,C1
confessione,n,C1
anomalia,n,C1
fibra,n,C1
volto,adj,C1
zitto,adj,C1
arrivederci,int,C1
brodo,n,C1
calzino,n,C1
cartolina,n,C1
disteso,adj,C1
elettromagnetico,adj,C1
feci,n,C1
friggere,v,C1
impiccare,v,C1
ingrassare,v,C1
paniere,n,C1
parecchio,adj,C1
pera,n,C1
plastico,adj,C1
porco,adj,C1
presto,adj,C1
puzzo,n,C1
scemo,adj,C1
sega,n,C1
strozzare,v,C1
studentesco,adj,C1
costiero,adj,C2
popolare,v,C2
sfilare,v,C2
cacciatore,n,C2
immaginario,n,C2
societario,adj,C2
tempesta,n,C2
inviato,adj,C2
vena,n,C2
ottocento,num,C2
parcheggiare,v,C2
corona,n,C2
depressione,n,C2
bilaterale,adj,C2
sforzare,v,C2
questionario,n,C2
intuizione,n,C2
nonna,n,C2
modernità,n,C2
illuminato,adj,C2
extra,adj,C2
geniale,adj,C2
subordinato,adj,C2
crema,n,C2
esagerare,v,C2
equiparare,v,C2
imperiale,adj,C2
rapportare,v,C2
cantina,n,C2
psicologo,n,C2
goccia,n,C2
montaggio,n,C2
logo,n,C2
robusto,adj,C2
mela,n,C2
questura,n,C2
rovina,n,C2
estrazione,n,C2
ratifica,n,C2
oltretutto,adv,C2
diocesi,n,C2
cautela,n,C2
rispecchiare,v,C2
prego,int,C2
nastro,n,C2
preferito,adj,C2
incrocio,n,C2
magnetico,adj,C2
localizzazione,n,C2
isolato,adj,C2
faticoso,adj,C2
cavo,n,C2
barra,n,C2
crudo,adj,C2
apposta,adv,C2
penisola,n,C2
altare,n,C2
miele,n,C2
solenne,adj,C2
Messico,np,C2
delimitare,v,C2
retribuire,v,C2
spaccare,v,C2
addetto,adj,C2
rapire,v,C2
prolungato,adj,C2
riparazione,n,C2
agitare,v,C2
addestramento,n,C2
retorica,n,C2
taglia,n,C2
giuria,n,C2
operaio,adj,C2
partecipante,adj,C2
incorporare,v,C2
avanzamento,n,C2
brasiliano,adj,C2
cimitero,n,C2
mollare,v,C2
Basilicata,np,C2
pianificare,v,C2
ottavo,adj,C2
farina,n,C2
punizione,n,C2
nostalgia,n,C2
cieco,n,C2
ambiguo,adj,C2
password,n,C2
Ginevra,np,C2
vissuto,adj,C2
ricco,n,C2
maestro,adj,C2
viaggiatore,n,C2
oliva,n,C2
dottorato,n,C2
vaso,n,C2
lavoratrice,n,C2
efficacemente,adv,C2
saggezza,n,C2
dirigenza,n,C2
incompatibilità,n,C2
spettro,n,C2
convergenza,n,C2
sospettare,v,C2
paragone,n,C2
scioglimento,n,C2
istinto,n,C2
igienico,adj,C2
jazz,n,C2
imitare,v,C2
emergente,adj,C2
temporaneamente,adv,C2
cieco,adj,C2
teste,n,C2
pluralità,n,C2
anomalo,adj,C2
aspro,adj,C2
selvatico,adj,C2
sorprendente,adj,C2
clientela,n,C2
ricaduta,n,C2
introduttivo,adj,C2
biologia,n,C2
francamente,adv,C2
intreccio,n,C2
cappello,n,C2
procedurale,adj,C2
liquido,n,C2
raggruppare,v,C2
ridare,v,C2
ospitalità,n,C2
pomodoro,n,C2
pescatore,n,C2
chirurgico,adj,C2
implementare,v,C2
umore,n,C2
subentrare,v,C2
a condizione che,adv,
a lungo,adv,
a piedi,adv,
a proposito,adv,
a seconda che,conj,
a volte,adv,
abbaiare,v,
abbonarsi,v,
abbondanza,n,
abbreviare,v,
abbronzarsi,v,
abete,n,
abilità ,n,
abisso,n,
abituarsi,v,
aborto,n,
abusare,v,
accanto a,prep,
accarezzare,v,
accenno,n,
accertarsi,v,
accoltellare,v,
acconsentire,v,
accontentarsi,v,
accoppiare,v,
accorgersi,v,
accuratamente,adv,
aceto,n,
acido,adj,
acquario,n,
ad esempio,adv,
ad ogni modo,adv,
adattarsi,v,
addormentarsi,v,
affamato,adj,
afferrare,v,
affettuoso,adj,
affidarsi,v,
affilare,v,
affilato,adj,
affollato,adj,
affrettarsi,v,
aggiustare,v,
agile,adj,
agitazione,n,
aglio,n,
agnello,n,
agricoltore,n,
aiutante,n,
al dettaglio,adv,
albero di natale,n,
albicocca,n,
alce,n,
alfabeto,n,
alla fine,adv,
allagare,v,
allegria,n,
allenarsi,v,
allergia,n,
allevare,v,
allo stesso modo,adv,
alloggiare,v,
allontanarsi,v,
allungarsi,v,
altoparlante,n,
alzarsi,v,
ambasciata,n,
ammalarsi,v,
ammirazione,n,
analista,n,
anarchico,adj,
anatra,n,
andare via,v,
andarsene,v,
annaffiare,v,
annientare,v,
annodare,v,
annoiarsi,v,
annoiato,adj,
annotare,v,
annuire,v,
annusare,v,
antenato,n,
ape,n,
apostolo,n,
appendere,v,
appetito,n,
appoggiarsi,v,
apprendista,n,
arancia,n,
arancione,adj,
arbitro,n,
archeologo,n,
arcipelago,n,
argilla,n,
armonioso,adj,
arrabbiarsi,v,
arrabbiato,adj,
arrampicarsi,v,
arredamento,n,
arrendersi,v,
arrostire,v,
arrotolare,v,
ascensore,n,
asciugamano,n,
asciugare,v,
asciugarsi,v,
asciutto,adj,
asfalto,n,
asilo nido,n,
assaggiare,v,
assalire,v,
assistenza sanitaria,n,
assurdità,n,
ateo,adj,
atomo,n,
attenuare,v,
atterraggio,n,
atterrare,v,
attività ,n,
attraente,adj,
attrezzo,n,
audace,adj,
autocarro,n,
avanzo,n,
avere bisogno,v,
avere paura,v,
aviazione,n,
avverarsi,v,
avvertimento,n,
avviamento,n,
avvicinarsi,v,
avvitare,v,
bacchetta,n,
bagnare,v,
bagnato,adj,
bagnoschiuma,n,
baia,n,
balcone,n,
bambola,n,
banana,n,
banca dati,n,
banchina,n,
bara,n,
baracca,n,
barattolo,n,
barba,n,
barone,n,
basarsi,v,
bastardo,adj,
bastone,n,
batterio,n,
battersi,v,
battesimo,n,
battito,n,
beato,adj,
benedire,v,
benedizione,n,
benefico,adj,
benestante,adj,
benvenuto,int,
berretto,n,
bersaglio,n,
bestemmiare,v,
bestiame,n,
bibbia,n,
bidone,n,
biglietto da visita,n,
binario,n,
biologo,n,
biondo,adj,
birreria,n,
bizzarro,adj,
bolla,n,
bollente,adj,
bollire,v,
bombardamento,n,
bombardare,v,
borghese,n,
borghesia,n,
borsa di studio,n,
borsellino,n,
borsetta,n,
botte,n,
bottega,n,
bottone,n,
branco,n,
brevetto,n,
briciola,n,
bruno,adj,
brutale,adj,
buca,n,
bucare,v,
bucato,n,
buccia,n,
buddismo,n,
buddista,adj,
buffone,adj,
bugiardo,adj,
buongiorno,int,
burro,n,
buttare via,v,
calciare,v,
calciatore,n,
caldaia,n,
calligrafia,n,
calmare,v,
calpestare,v,
calvo,adj,
calza,n,
cambiarsi,v,
camera da letto,n,
cameriera,n,
cameriere,n,
camicia,n,
camino,n,
cammello,n,
camminata,n,
campagna elettorale,n,
campana,n,
campanello,n,
campeggio,n,
canaglia,n,
canestro,n,
cantiere navale,n,
capanna,n,
capelli,n,
capitalismo,n,
cappella,n,
cappotto,n,
cappuccio,n,
capra,n,
caramella,n,
carbone,n,
carbonio,n,
carburante,n,
carezza,n,
carota,n,
carrello,n,
carro armato,n,
carrozza,n,
carrozzina,n,
carta d'identità,n,
carta da parati,n,
carta di credito,n,
casa editrice,n,
cassetto,n,
catastrofe,n,
catenaccio,n,
cattedrale,n,
cattiveria,n,
cavalcare,v,
caviglia,n,
cavolo,n,
celebrità,n,
celibe,adj,
cemento,n,
cenere,n,
censurare,v,
centesimo,n,
centrale elettrica,n,
centro commerciale,n,
cera,n,
cervo,n,
cesto,n,
cetriolo,n,
chiacchierare,v,
chiamarsi,v,
chiasso,n,
chicco,n,
chiodo,n,
ciclista,n,
cinghia,n,
cinico,adj,
cinquecento,num,
ciocca,n,
cioccolata,n,
cipolla,n,
circo,n,
cisterna,n,
città  natale,n,
clinica,n,
cognato,n,
colare,v,
collaboratrice,n,
collegarsi,v,
colletto,n,
collezionare,v,
colonia,n,
colossale,adj,
coltello,n,
comandamento,n,
combaciare,v,
comico,adj,
commerciare,v,
commosso,adj,
comodamente,adv,
comodità,n,
compassione,n,
compatire,v,
compatriota,n,
compleanno,n,
complimentarsi,v,
complotto,n,
comportarsi,v,
compositore,n,
comprimere,v,
comunicato stampa,n,
comunismo,n,
concentrarsi,v,
concludersi,v,
condominio,n,
conducente,n,
conduttore,n,
conferenza stampa,n,
confezionare,v,
conficcare,v,
confidenza,n,
confondersi,v,
congedo,n,
congelare,v,
congratularsi,v,
connazionale,adj,
conoscente,n,
consacrare,v,
considerevole,adj,
contagiare,v,
continuazione,n,
controllore,n,
convalidare,v,
convento,n,
conversare,v,
convoglio,n,
cooperare,v,
coperchio,n,
coperta,n,
corno,n,
corsia,n,
corso d'acqua,n,
corteccia,n,
cortese,adj,
cortesia,n,
corvo,n,
così così,adv,
cotone,n,
cranio,n,
cravatta,n,
credente,adj,
credenza,n,
cristallo,n,
cristo,n,
crocifiggere,v,
crudeltà,n,
cubo,n,
cucchiaio,n,
cucciolo,n,
cucinare,v,
cucire,v,
cugina,n,
cugino,n,
cumulo,n,
cuoco,n,
cupo,n,
cupola,n,
curvare,v,
cuscino,n,
d'accordo,adv,
dado,n,
dappertutto,adv,
davanti a,prep,
davanzale,n,
decente,adj,
decesso,n,
decidersi,v,
decimo,adj,
decorare,v,
decorazione,n,
dedicarsi,v,
defunto,n,
del tutto,adv,
delizioso,adj,
demolire,v,
demonio,n,
dentista,n,
detestare,v,
deviazione,n,
devoto,adj,
di conseguenza,conj,
di fronte a,prep,
di nuovo,adv,
di solito,adv,
di tanto in tanto,adv,
diabete,n,
dialetto,n,
diamante,n,
diametro,n,
dichiarazione dei redditi,n,
diciannove,num,
diciassette,num,
diciotto,num,
difettoso,adj,
diffidenza,n,
diffondersi,v,
digiuno,n,
dilemma,n,
dilettante,n,
dimettersi,v,
dinastia,n,
dirigersi,v,
diritto d'autore,n,
disapprovare,v,
discendente,n,
discoteca,n,
discretamente,adv,
disgrazia,n,
disgustoso,adj,
disoccupato,adj,
disordinato,adj,
disordine,n,
dispari,adj,
disprezzare,v,
disprezzo,n,
distendere,v,
distesa,n,
distintivo,n,
distratto,adj,
distributore,n,
divertirsi,v,
divinità,n,
divorare,v,
divorziare,v,
divorziato,adj,
divorzio,n,
dizionario,n,
doccia,n,
documentario,n,
dogana,n,
domenicale,adj,
dondolare,v,
dorato,adj,
dovunque,adv,
dozzina,n,
drago,n,
dritto,adj,
duecento,num,
duello,n,
duraturo,adj,
eccessivamente,adv,
eccezionalmente,adv,
eccitare,v,
eccitazione,n,
ecologia,n,
ecosistema,n,
educato,adj,
effetto serra,n,
egoismo,n,
elastico,n,
elefante,n,
elettrone,n,
elicottero,n,
embrione,n,
enciclopedia,n,
entusiasta,adj,
equazione,n,
equipaggio,n,
eredità ,n,
ereditare,v,
erotico,adj,
erroneo,adj,
eruzione,n,
esagerato,adj,
esausto,adj,
esclamare,v,
esercitarsi,v,
esibirsi,v,
esigente,adj,
esortare,v,
esortazione,n,
esotico,adj,
espellere,v,
esplosivo,adj,
esprimersi,v,
essere umano,n,
esteso,adj,
estremità ,n,
età ,n,
eternità,n,
evadere,v,
fabbricare,v,
faccenda,n,
fagiolo,n,
fango,n,
fare attenzione,v,
fare in tempo,v,
farfalla,n,
farmacia,n,
faro,n,
fastidioso,adj,
faticare,v,
fattoria,n,
fattorino,n,
favoloso,adj,
fazzoletto,n,
febbre,n,
fegato,n,
fermamente,adv,
fermarsi,v,
fermata,n,
fessura,n,
festeggiamento,n,
festivo,adj,
fiaba,n,
fiammifero,n,
fiasco,n,
fico,n,
fidanzamento,n,
fidarsi,v,
filmare,v,
finzione,n,
fiocco,n,
fiori,n,
fiorire,v,
fisica,n,
flotta,n,
fluido,adj,
fluire,v,
formidabile,adj,
fossa,n,
fosso,n,
fotografo,n,
fracasso,n,
fraintendere,v,
francobollo,n,
freccia,n,
freno,n,
frequentemente,adv,
frugare,v,
fucile,n,
fune,n,
funerale,n,
fungo,n,
fuochi d'artificio,n,
fuoriuscire,v,
furioso,adj,
gabbia,n,
gabinetto,n,
galleggiare,v,
gallina,n,
gallo,n,
gamberetto,n,
gancio,n,
gatta,n,
gelare,v,
gelato,n,
gelido,adj,
gelo,n,
gelosia,n,
gemello,n,
gene,n,
generosità,n,
gentilezza,n,
gentilmente,adv,
genuino,adj,
geografia,n,
geometria,n,
gesso,n,
getto,n,
ghiacciato,adj,
giacca,n,
giacimento,n,
giocattolo,n,
gioire,v,
giornalismo,n,
giorno feriale,n,
giovinezza,n,
girarsi,v,
girovagare,v,
giubbotto,n,
giuramento,n,
giustiziare,v,
globo,n,
glorioso,adj,
goal,n,
gomito,n,
gonna,n,
gradino,n,
gradualmente,adv,
graffiare,v,
grammatica,n,
grammo,n,
granchio,n,
grano,n,
grata,n,
gratitudine,n,
grato,adj,
grattare,v,
grazioso,adj,
gregge,n,
griglia,n,
grotta,n,
guancia,n,
guardaroba,n,
guasto,n,
guerra civile,n,
guerriero,n,
guscio,n,
identità ,n,
idiota,n,
idolo,n,
ignorante,adj,
imballaggio,n,
imbarazzante,adj,
imbarazzo,n,
imbrogliare,v,
imbroglio,n,
immagazzinare,v,
immaginarsi,v,
immaginazione,n,
immortale,adj,
impegnarsi,v,
implorare,v,
impotente,adj,
impressionare,v,
imprigionare,v,
in alto,adv,
in basso,adv,
in ogni caso,adv,
in parte,adv,
in realtà,adv,
in ritardo,adv,
inaspettato,adj,
inchiostro,n,
inciampare,v,
incinta,adj,
inclinarsi,v,
incollare,v,
incomprensibile,adj,
inconscio,n,
incontrarsi,v,
inconveniente,n,
incoraggiamento,n,
incoronare,v,
indebolire,v,
indesiderato,adj,
indifeso,adj,
indignazione,n,
indizio,n,
indovinello,n,
infastidire,v,
infedele,adj,
infelice,adj,
influente,adj,
informarsi,v,
inganno,n,
ingenuo,adj,
inghiottire,v,
inginocchiarsi,v,
ingoiare,v,
ingorgo,n,
ingrandire,v,
innamorarsi,v,
innamorato,adj,
innocente,adj,
inondare,v,
inquilino,n,
inquinare,v,
inseguimento,n,
insetto,n,
insicurezza,n,
insignificante,adj,
insolito,adj,
insuccesso,n,
insultare,v,
integrità ,n,
intensificare,v,
intensità ,n,
interessarsi,v,
interferire,v,
interruttore,n,
intestino,n,
intromettersi,v,
invalidità,n,
invano,adv,
invecchiare,v,
invertire,v,
investigare,v,
invidia,n,
invidiare,v,
ipocrisia,n,
ipocrita,adj,
ira,n,
irrilevante,adj,
irritante,adj,
irritare,v,
iscriversi,v,
islam,n,
ispezionare,v,
ispezione,n,
istruire,v,
istruito,adj,
istruttore,n,
ladro,n,
lama,n,
lamentarsi,v,
lamentela,n,
lamento,n,
lampada,n,
lampadina,n,
lampione,n,
lampo,n,
lana,n,
larghezza,n,
lasciarsi,v,
lattina,n,
laurearsi,v,
lavaggio,n,
lavagna,n,
lavanderia,n,
lavandino,n,
lavarsi,v,
lavatrice,n,
lealtà,n,
leccare,v,
leggendario,adj,
lente,n,
lenti a contatto,n,
lenzuolo,n,
leone,n,
lepre,n,
lessico,n,
letterale,adj,
liberarsi,v,
libro di testo,n,
liceale,adj,
limonata,n,
limone,n,
lingua madre,n,
lira,n,
liscio,adj,
lite,n,
litigare,v,
litigio,n,
lodare,v,
lode,n,
luccicare,v,
lucidare,v,
luogo di nascita,n,
lussuoso,adj,
macchina fotografica,n,
macellaio,n,
macellare,v,
macelleria,n,
macinare,v,
maglietta,n,
maglione,n,
magro,adj,
mal di testa,n,
malcontento,n,
maledizione,n,
malinteso,n,
maltrattamento,n,
maltrattare,v,
malvagio,adj,
mandarino,n,
maneggiare,v,
mania,n,
manica,n,
manico,n,
manipolare,v,
mano d'opera,n,
manoscritto,n,
mantello,n,
marciapiede,n,
marcio,adj,
marea,n,
marina,n,
marinaio,n,
marmellata,n,
marrone,adj,
martire,n,
mascella,n,
massacro,n,
masticare,v,
matita,n,
matricola,n,
matto,adj,
mattone,n,
medio oriente,n,
mediocre,adj,
meditazione,n,
melodia,n,
melone,n,
memorizzare,v,
mensola,n,
mentalmente,adv,
mentire,v,
mento,n,
menzogna,n,
meravigliare,v,
meravigliarsi,v,
mercato azionario,n,
mescolanza,n,
messaggero,n,
metaforico,adj,
metropolitana,n,
mettere da parte,v,
mettersi,v,
mezz'ora,n,
mezzanotte,n,
microfono,n,
miglio,n,
migrazione,n,
millimetro,n,
minaccioso,adj,
minerale,n,
minestra,n,
miniera,n,
minorenne,adj,
minuscolo,adj,
misero,adj,
missionario,n,
misurazione,n,
mite,adj,
modellare,v,
modo di dire,n,
molestia,n,
molla,n,
monaco,n,
monarchia,n,
monarchico,adj,
monastero,n,
mordere,v,
moschea,n,
mostrarsi,v,
motocicletta,n,
motore di ricerca,n,
mucca,n,
mucchio,n,
muffa,n,
mulino,n,
mungere,v,
muoversi,v,
muscolo,n,
muso,n,
muto,adj,
mutuo,n,
nascondersi,v,
nascondiglio,n,
nebbia,n,
neonato,n,
nervo,n,
neutrale,adj,
nido,n,
nocciolo,n,
noce,n,
nocivo,adj,
noia,n,
noioso,adj,
noleggio,n,
novanta,num,
novella,n,
nozze,n,
nubile,adj,
nuca,n,
nuora,n,
nuotare,v,
nuoto,n,
nutrizione,n,
nuvola,n,
obbedire,v,
obesità ,n,
obiettare,v,
occhiali,n,
occuparsi,v,
oceano,n,
odorare,v,
offendersi,v,
offensivo,adj,
offesa,n,
olimpiade,n,
oltrepassare,v,
ombrello,n,
omosessuale,n,
omosessualità,n,
opaco,adj,
opporsi,v,
opprimere,v,
oratore,n,
ordinato,adj,
ordine del giorno,n,
orfano,adj,
orma,n,
orrendo,adj,
orsacchiotto,n,
orso,n,
orto,n,
ortografia,n,
oscillare,v,
ospitale,adj,
ossigeno,n,
ostello,n,
ostile,adj,
ostinato,adj,
ostruire,v,
ottico,n,
ovunque,adv,
pacco,n,
padella,n,
padrona,n,
padroneggiare,v,
paga,n,
pagina web,n,
pala,n,
palcoscenico,n,
pallido,adj,
pallottola,n,
palma,n,
palmo,n,
palo,n,
palpebra,n,
palude,n,
panca,n,
pancia,n,
panico,n,
panino,n,
panna,n,
pantofola,n,
papera,n,
parentesi,n,
parola chiave,n,
parrucchiere,n,
partigiano,n,
parto,n,
pascolare,v,
pasqua,n,
passaporto,n,
pasticca,n,
patata,n,
patente,n,
patente di guida,n,
pattumiera,n,
pauroso,adj,
pazzia,n,
pecora,n,
pedagogia,n,
pedone,n,
peggioramento,n,
peggiore,adj,
pellegrino,n,
pelliccia,n,
peloso,adj,
pena di morte,n,
pendenza,n,
pendere,v,
pendio,n,
penitenza,n,
pennello,n,
pensionato,n,
pentimento,n,
pentirsi,v,
pentola,n,
peperone,n,
per favore,int,
per fortuna,adv,
perdersi,v,
perdono,n,
perla,n,
pernottare,v,
persecuzione,n,
perseguitare,v,
persistere,v,
persuadere,v,
pervadere,v,
petizione,n,
pettegolezzo,n,
pettine,n,
pezza,n,
pianoforte,n,
piantare,v,
pianto,n,
piccante,adj,
picchiare,v,
picco,n,
piegarsi,v,
pigiama,n,
pigro,adj,
pila,n,
pilastro,n,
pillola,n,
piombare,v,
pipa,n,
piramide,n,
pirata,n,
pisello,n,
pista ciclabile,n,
pistola,n,
piuma,n,
pizza,n,
pizzicare,v,
plotone,n,
plurale,adj,
poetessa,n,
pollice,n,
polmone,n,
polso,n,
poltrona,n,
polvere da sparo,n,
pompa,n,
pompare,v,
pompiere,n,
portacenere,n,
portare via,v,
portone,n,
posto di lavoro,n,
pozzo,n,
preavviso,n,
precipizio,n,
predicare,v,
prefazione,n,
preferibilmente,adv,
prendere in prestito,v,
preoccuparsi,v,
prepararsi,v,
preparativo,n,
presentarsi,v,
presentatore,n,
preservativo,n,
presidenziale,adj,
presumere,v,
presumibilmente,adv,
pretesto,n,
prima colazione,n,
prima o poi,adv,
primaverile,n,
primitivo,adj,
primo ministro,n,
principe,n,
principessa,n,
profeta,n,
profezia,n,
profumare,v,
profumato,adj,
proibito,adj,
prolungare,v,
prontezza,n,
propietario,n,
proposizione,n,
prosa,n,
prosciutto,n,
prostituta,n,
prostituzione,n,
proteina,n,
proverbio,n,
provocante,adj,
provvista,n,
psichiatria,n,
pullman,n,
pulsante,n,
pungente,adj,
pungere,v,
punto di vista,n,
punto interrogativo,n,
purezza,n,
puttana,n,
puzzare,v,
quaderno,n,
quattordici,num,
quattrocento,num,
quercia,n,
quiete,n,
quieto,adj,
racchetta,n,
raccolto,n,
radere,v,
radiazione,n,
raffreddare,v,
raffreddarsi,v,
raffreddore,n,
ragno,n,
rallegrare,v,
rallegrarsi,v,
rana,n,
rancore,n,
rango,n,
rapimento,n,
rapinare,v,
rasoio,n,
rassegnazione,n,
rata,n,
razzista,adj,
razzo,n,
realizzarsi,v,
recarsi,v,
recinto,n,
recipiente,n,
reciprocamente,adv,
reclamare,v,
reclutare,v,
redditizio,adj,
regno unito,n,
remare,v,
rendersi conto,v,
rene,n,
reprimere,v,
repubblicano,adj,
resistente,adj,
retro,n,
rettile,n,
retto,adj,
riassunto,n,
ribellione,n,
ricaricare,v,
riccio,n,
ricevuta,n,
ricompensa,n,
ricompensare,v,
ricordarsi,v,
riferirsi,v,
riflettersi,v,
riformare,v,
rifornimento,n,
rifornire,v,
riguardo a,prep,
rilassarsi,v,
riluttante,adj,
rimanere indietro,v,
rimpiangere,v,
rinforzo,n,
rinnegare,v,
riordinare,v,
ripetersi,v,
ripetizione,n,
ripetutamente,adv,
ripido,adj,
risarcire,v,
riscaldare,v,
riservatezza,n,
risoluto,adj,
risuonare,v,
ritrarre,v,
ritrovarsi,v,
ritrovo,n,
rivale,n,
rivelarsi,v,
rivendicazione,n,
rompersi,v,
ronzare,v,
rotolare,v,
rotolo,n,
rotto,adj,
roulotte,n,
rubinetto,n,
rugiada,n,
rumoroso,adj,
sabato,n,
sacramento,n,
salame,n,
salato,adj,
saldo,n,
salice,n,
saliva,n,
salmo,n,
salmone,n,
salotto,n,
salsa,n,
salsiccia,n,
salutarsi,v,
salvatore,n,
salve,int,
sanguinare,v,
sanguinoso,adj,
sapiente,adj,
sasso,n,
saziare,v,
sbaglio,n,
sbarco,n,
sbarra,n,
sbirciare,v,
sbrigare,v,
sbrigarsi,v,
scaffale,n,
scambiarsi,v,
scapolo,n,
scheletro,n,
schiavitù,n,
schiavo,n,
schifoso,adj,
schiuma,n,
schizzo,n,
sci,n,
scia,n,
sciarpa,n,
scimmia,n,
scintilla,n,
sciocchezza,n,
sciocco,adj,
scivolo,n,
scodella,n,
scogliera,n,
scommessa,n,
scommettere,v,
scomodo,adj,
scopare,v,
scoppio,n,
scoraggiare,v,
scossa,n,
scrivania,n,
scudo,n,
scuola elementare,n,
scuola materna,n,
scuola media,n,
scuola superiore,n,
scusarsi,v,
sdraiarsi,n,
secchio,n,
sedersi,v,
sedia a rotelle,n,
sedici,num,
sedile,n,
seicento,num,
semaforo,n,
seminare,v,
sentimentale,adj,
sentirsi,v,
separarsi,v,
serale,adj,
serbatoio,n,
serietà,n,
serpente,n,
serra,n,
serratura,n,
servizi segreti,n,
servo,n,
sessualità,n,
seta,n,
sete,n,
settecento,num,
sfogliare,v,
sfortuna,v,
sfortunatamente,adv,
sfortunato,adj,
sforzarsi,v,
sfumatura,n,
sgradevole,adj,
sgridare,v,
sigillare,v,
sigillo,n,
simultaneamente,adv,
sincerità,n,
sistematicamente,adv,
sito web,n,
slancio,n,
slavo,adj,
smarrito,n,
smontare,v,
snello,adj,
sobborgo,n,
sobrio,n,
soccorrere,v,
società  per azioni,n,
sociologia,n,
soffiare,v,
soffocare,v,
soggiornare,v,
sollievo,n,
somiglianza,n,
sonnellino,n,
sopracciglio,n,
soprannome,n,
sordo,adj,
sorpassare,v,
sorprendersi,v,
sorteggio,n,
sorvegliare,v,
sospettoso,adj,
sospirare,v,
sospiro,n,
sottomettere,v,
sottoporsi,v,
sottotitolo,n,
sovrano,n,
sovvenzionare,v,
spago,n,
spalancare,v,
spalmare,v,
spaventarsi,v,
spaventoso,adj,
spazioso,adj,
spazzare,v,
spazzatura,n,
spazzola,n,
specializzarsi,v,
speculare,v,
speculazione,n,
spiacevole,adj,
spina,n,
splendere,v,
splendore,v,
spogliare,v,
spogliarsi,v,
sporcizia,n,
sporgere,v,
sposarsi,v,
sposato,adj,
spostarsi,v,
spremere,v,
spruzzare,v,
spugna,n,
spuntino,n,
sputare,v,
squisito,adj,
stabilirsi,v,
staccarsi,v,
stagno,n,
stalla,n,
stampo,n,
stancare,v,
stancarsi,v,
stanchezza,n,
stare attento,v,
statura,n,
stendersi,v,
stereotipo,n,
sterzo,n,
stirare,v,
stomaco,n,
storto,adj,
straccio,n,
strappo,n,
strillare,v,
striscia,n,
strisciare,v,
strofinare,v,
stropicciare,v,
stupidità,n,
stupirsi,v,
stupore,n,
stupro,n,
subacqueo,adj,
succhiare,v,
succo,n,
sudore,n,
suicidio,n,
suocero,n,
superbo,adj,
superfluo,adj,
superiorità,n,
supplemento,n,
supplente,n,
supplicare,v,
supposizione,n,
sussidio,n,
sussurro,n,
svanire,v,
svegliarsi,v,
sveglio,n,
svenire,v,
svitare,v,
svolgersi,v,
svoltare,v,
svuotare,v,
tacco,n,
tagliente,adj,
tallone,n,
tamburo,n,
tana,n,
tappeto,n,
tardare,v,
tassare,v,
tatto,n,
tazza,n,
tela,n,
telecomando,n,
telefono cellulare,n,
telescopio,n,
temperamento,n,
tenda,n,
tenente,n,
tenero,adj,
tennis,n,
teologo,n,
teoricamente,adv,
terminologia,n,
termometro,n,
terrazza,n,
testamento,n,
tiepido,adj,
tigre,n,
timbrare,v,
timbro,n,
timone,n,
tipicamente,adv,
tirare fuori,v,
tizio,n,
tollerante,adj,
tondo,adj,
topo,n,
toppa,n,
torace,n,
torcia,n,
tormentare,v,
tormento,n,
toro,n,
torrente,n,
torta,n,
torturare,v,
tosse,n,
tossico,adj,
tossicodipendente,adj,
tossire,v,
tradimento,n,
traditore,n,
traduttore,n,
traghetto,n,
tram,n,
tramontare,v,
trappola,n,
trascrivere,v,
trasferirsi,v,
trasformarsi,v,
traslocare,v,
trasloco,n,
trauma,n,
trecento,num,
tredici,num,
tremare,v,
triangolo,n,
tribù,n,
trinità,n,
tronco,n,
trono,n,
trovarsi,v,
truccarsi,v,
trucco,n,
truffa,n,
tubo,n,
tuffarsi,v,
tuffo,n,
tunnel,n,
tuono,n,
turbare,v,
tuta,n,
tutore,n,
ubriaco,adj,
uccisione,n,
udito,n,
ufficio postale,n,
ululare,v,
umanità ,n,
umidità ,n,
umido,adj,
umile,adj,
umiliare,v,
umiltà,n,
umorismo,n,
unanime,adj,
unghia,n,
unificare,v,
unità ,n,
università ,n,
uranio,n,
urtare,v,
usanza,n,
usura,n,
utilità ,n,
vaccino,n,
vagabondo,n,
vagare,v,
vago,adj,
vagone,n,
valico,n,
valuta,n,
vantaggioso,adj,
vantarsi,v,
vapore,n,
vasca,n,
vasca da bagno,n,
vassoio,n,
vecchiaia,n,
vedovo,n,
veduta,n,
vegetazione,n,
vela,n,
veleno,n,
velenoso,adj,
verbo,n,
vergine,adj,
vergognarsi,v,
verme,n,
verniciare,v,
vestirsi,v,
veterinario,n,
vetta,n,
vibrare,v,
vicolo,n,
videocamera,n,
vietato,adj,
vigile del fuoco,n,
vincitrice,n,
viola,adj,
violino,n,
vite,n,
vocabolario,n,
vocale,n,
volantino,n,
volare via,v,
volenteroso,adj,
voltarsi,v,
vomitare,v,
vuotare,v,
zaino,n,
zampa,n,
zanzara,n,
zingaro,n,
zoccolo,n,
zuppa,n,
